Story,Cleaned_Story,Sentiment,Sentiment_Score
Woking community hospital had a fantastic service. If you needed a blood test you could queue from 7 am in the morning. It was particularly useful if you had to fast the night before. I recently had to have a blood test which I had to wait 2 weeks for. Im sure my doctors surgery must be under increased pressure with more flats being built in woking and having to do more blood testing. Apparently Woking community will close at some point. I cant understand why such a fantastic little hospital is being closed down.,woking community hospital had a fantastic service if you needed a blood test you could queue from am in the morning it was particularly useful if you had to fast the night before i recently had to have a blood test which i had to wait weeks for im sure my doctors surgery must be under increased pressure with more flats being built in woking and having to do more blood testing apparently woking community will close at some point i cant understand why such a fantastic little hospital is being closed down,Positive,0.18514957264957263
"Our TIs that help out on the ward offer us a variety of activities when they are helping out on the ward. One example is my birthday, where we had really good celebrations, so all thanks to them. They make the best of this current situation.",our tis that help out on the ward offer us a variety of activities when they are helping out on the ward one example is my birthday where we had really good celebrations so all thanks to them they make the best of this current situation,Positive,0.475
"They always get us involved in activities \nI have enjoyed playing board games and going out walking and doing karaoke and just having casual chats. \nThey always encourage people to join in stuff, for example bingo, quizzes, keep fit in the garden.",they always get us involved in activities ni have enjoyed playing board games and going out walking and doing karaoke and just having casual chats nthey always encourage people to join in stuff for example bingo quizzes keep fit in the garden,Positive,0.1333333333333333
"I was given the telephone number by my GP practice one day in May 2020. I was having a tightness and heaviness and some pain in my chest. I phoned the hospital at 11am and a nurse took information from me. I was given an appointment at 12.15 that day for The Cardiac investigation hub.I was seen on time had a ECG ,blood test and other tests done by two medical staff. The results came back about one and a half hours later. Thankfully everything was ok .I was given a lot of information about the results and came away feeling confident .I was also told not to hesitate if I ever felt anyway like this again to seek advice.A very reassuring experience .",i was given the telephone number by my gp practice one day in may i was having a tightness and heaviness and some pain in my chest i phoned the hospital at am and a nurse took information from me i was given an appointment at that day for the cardiac investigation hubi was seen on time had a ecg blood test and other tests done by two medical staff the results came back about one and a half hours later thankfully everything was ok i was given a lot of information about the results and came away feeling confident i was also told not to hesitate if i ever felt anyway like this again to seek advicea very reassuring experience,Positive,0.09537037037037038
Since the start of lockdown we were allocated TIs to help on the ward. This has been one of the most beneficial things ever to happen\nTheyve kept us motivated and occupied us when we were struggling.\nIts really helped us with lockdown to stay tocuies and positive. They continue to work hard and do their job.\nMany thanks to all the TIs - theyve really helped us when we needed them most.,since the start of lockdown we were allocated tis to help on the ward this has been one of the most beneficial things ever to happenntheyve kept us motivated and occupied us when we were strugglingnits really helped us with lockdown to stay tocuies and positive they continue to work hard and do their jobnmany thanks to all the tis theyve really helped us when we needed them most,Positive,0.21937229437229436
"I just want to say a big thank you to DRC staff Jo Karen and Jacqui for doing compound Karaoke.\nThey got the songs and sang to us and we all joined in from our ward gardens, it really made our day and they always go our of their way to try and make us happy.",i just want to say a big thank you to drc staff jo karen and jacqui for doing compound karaokenthey got the songs and sang to us and we all joined in from our ward gardens it really made our day and they always go our of their way to try and make us happy,Positive,0.3333333333333333
Woking community hospital had a fantastic service. If you needed a blood test you could queue from 7 am in the morning. It was particularly useful if you had to fast the night before. I recently had to have a blood test which I had to wait 2 weeks for. Im sure my doctors surgery must be under increased pressure with more flats being built in woking and having to do more blood testing. Apparently Woking community will close at some point. I cant understand why such a fantastic little hospital is being closed down.,woking community hospital had a fantastic service if you needed a blood test you could queue from am in the morning it was particularly useful if you had to fast the night before i recently had to have a blood test which i had to wait weeks for im sure my doctors surgery must be under increased pressure with more flats being built in woking and having to do more blood testing apparently woking community will close at some point i cant understand why such a fantastic little hospital is being closed down,Positive,0.18514957264957263
"Our TIs that help out on the ward offer us a variety of activities when they are helping out on the ward. One example is my birthday, where we had really good celebrations, so all thanks to them. They make the best of this current situation.",our tis that help out on the ward offer us a variety of activities when they are helping out on the ward one example is my birthday where we had really good celebrations so all thanks to them they make the best of this current situation,Positive,0.475
"They always get us involved in activities \nI have enjoyed playing board games and going out walking and doing karaoke and just having casual chats. \nThey always encourage people to join in stuff, for example bingo, quizzes, keep fit in the garden.",they always get us involved in activities ni have enjoyed playing board games and going out walking and doing karaoke and just having casual chats nthey always encourage people to join in stuff for example bingo quizzes keep fit in the garden,Positive,0.1333333333333333
"I was given the telephone number by my GP practice one day in May 2020. I was having a tightness and heaviness and some pain in my chest. I phoned the hospital at 11am and a nurse took information from me. I was given an appointment at 12.15 that day for The Cardiac investigation hub.I was seen on time had a ECG ,blood test and other tests done by two medical staff. The results came back about one and a half hours later. Thankfully everything was ok .I was given a lot of information about the results and came away feeling confident .I was also told not to hesitate if I ever felt anyway like this again to seek advice.A very reassuring experience .",i was given the telephone number by my gp practice one day in may i was having a tightness and heaviness and some pain in my chest i phoned the hospital at am and a nurse took information from me i was given an appointment at that day for the cardiac investigation hubi was seen on time had a ecg blood test and other tests done by two medical staff the results came back about one and a half hours later thankfully everything was ok i was given a lot of information about the results and came away feeling confident i was also told not to hesitate if i ever felt anyway like this again to seek advicea very reassuring experience,Positive,0.09537037037037038
Since the start of lockdown we were allocated TIs to help on the ward. This has been one of the most beneficial things ever to happen\nTheyve kept us motivated and occupied us when we were struggling.\nIts really helped us with lockdown to stay tocuies and positive. They continue to work hard and do their job.\nMany thanks to all the TIs - theyve really helped us when we needed them most.,since the start of lockdown we were allocated tis to help on the ward this has been one of the most beneficial things ever to happenntheyve kept us motivated and occupied us when we were strugglingnits really helped us with lockdown to stay tocuies and positive they continue to work hard and do their jobnmany thanks to all the tis theyve really helped us when we needed them most,Positive,0.21937229437229436
"I just want to say a big thank you to DRC staff Jo Karen and Jacqui for doing compound Karaoke.\nThey got the songs and sang to us and we all joined in from our ward gardens, it really made our day and they always go our of their way to try and make us happy.",i just want to say a big thank you to drc staff jo karen and jacqui for doing compound karaokenthey got the songs and sang to us and we all joined in from our ward gardens it really made our day and they always go our of their way to try and make us happy,Positive,0.3333333333333333
I love it when the DRC staff come onto my ward. We made birdfeeders and played bingo and always made sure we get our fresh air. All the staff from TED have done a fab job and helped us so much.,i love it when the drc staff come onto my ward we made birdfeeders and played bingo and always made sure we get our fresh air all the staff from ted have done a fab job and helped us so much,Positive,0.375
"I am based in England but was having a tough pregnancy with a few issues so decided to visit my parents in Argyll for a fortnights break at the start of March (2020) at 32 weeks. Then Covid-19 happened and I got stuck - for want of a better word - in the area as things started to get serious and ultimately lockdown was imposed. It was a stressful time as I only had a small hold-all of clothes with me for me and my two-and-a-half-year-old daughter. Moreover, my husband was at our house, several hundred miles away. (Luckily he made it up just before lockdown). I never for a second thought I would have the baby away from home as I assumed the situation would calm down relatively quickly, allowing me to go back in time. Of course it didnt and the decision was taken out of my hands.Despite the unconventional situation, I could not have had a more positive experience, however, both in terms of the care I received from the midwives at Mid-Argyll Hospital in Lochgilphead (Both Karens, Brenda, Nicky, Donna) and at RAH in Paisley. I would also like to mention by name Claire, a midwife based at the Princess Royal who was drafted in to help out during a very busy night for the labour ward. She was the one who actually delivered my baby.I was put at ease within minutes of my first encounter with the mid-Argyll team and incredibly well looked after throughout. I had my son at the beginning of May 2020, 11 days late in Paisley. I had a very traumatic experience with my daughter (down south) for various reasons. This time round, although labour was long and I required some repair work (to put it as nicely as possible) afterwards, was completely different.The after-care was similarly excellent. I would have been impressed in normal times, but to have experienced such kindness and professionalism amid the unprecedented circumstances in which we find ourselves was truly humbling.  I cant quite get my head around the fact that these pivotal life moments, such as giving birth, are populated by people you wont necessarily come across ever again. Total strangers effectively, there in your hour of need.With that in mind, Id just like to say that, although our paths may have crossed only briefly, we will remember forever all you did for us and the lengths you went to to keep us safe. For that, we thank you from the bottom of our hearts.",i am based in england but was having a tough pregnancy with a few issues so decided to visit my parents in argyll for a fortnights break at the start of march at weeks then covid happened and i got stuck for want of a better word in the area as things started to get serious and ultimately lockdown was imposed it was a stressful time as i only had a small holdall of clothes with me for me and my twoandahalfyearold daughter moreover my husband was at our house several hundred miles away luckily he made it up just before lockdown i never for a second thought i would have the baby away from home as i assumed the situation would calm down relatively quickly allowing me to go back in time of course it didnt and the decision was taken out of my handsdespite the unconventional situation i could not have had a more positive experience however both in terms of the care i received from the midwives at midargyll hospital in lochgilphead both karens brenda nicky donna and at rah in paisley i would also like to mention by name claire a midwife based at the princess royal who was drafted in to help out during a very busy night for the labour ward she was the one who actually delivered my babyi was put at ease within minutes of my first encounter with the midargyll team and incredibly well looked after throughout i had my son at the beginning of may days late in paisley i had a very traumatic experience with my daughter down south for various reasons this time round although labour was long and i required some repair work to put it as nicely as possible afterwards was completely differentthe aftercare was similarly excellent i would have been impressed in normal times but to have experienced such kindness and professionalism amid the unprecedented circumstances in which we find ourselves was truly humbling i cant quite get my head around the fact that these pivotal life moments such as giving birth are populated by people you wont necessarily come across ever again total strangers effectively there in your hour of needwith that in mind id just like to say that although our paths may have crossed only briefly we will remember forever all you did for us and the lengths you went to to keep us safe for that we thank you from the bottom of our hearts,Positive,0.16406204906204905
We have had some great staff from DRC & Ted coming onto wards.\nThey are bringing craft stuff and playing games\nIt has been great as all patients who want to get involved can - even seg patients,we have had some great staff from drc ted coming onto wardsnthey are bringing craft stuff and playing gamesnit has been great as all patients who want to get involved can even seg patients,Positive,0.8
We played Bingo and did a ward quiz\nI am in segregation and was allowed to get involved. It was really nice to feel included in ward activity.,we played bingo and did a ward quizni am in segregation and was allowed to get involved it was really nice to feel included in ward activity,Positive,0.6
"Its been good having sessions on ward, because DRC is closed.\nThe staff are very nice and make the activities for us.\nIt passes time and helps staff out on ward",its been good having sessions on ward because drc is closednthe staff are very nice and make the activities for usnit passes time and helps staff out on ward,Positive,0.74
I love the DRC staff\nThey make us do stuff that is fun,i love the drc staffnthey make us do stuff that is fun,Positive,0.4
From bingo to compound karaoke to bringing round a pop shop the TIs have kept us sane during this lockdown. When on wards with us they also play games and do quizzes.\nBig Thanks to all of them :),from bingo to compound karaoke to bringing round a pop shop the tis have kept us sane during this lockdown when on wards with us they also play games and do quizzesnbig thanks to all of them,Neutral,0.0
Dear Kath & DRC Team\nWe would like to thank you on behalf of Ruby A Ward for the delivery service you offered today. It was very thoughtful and you all made our day.\nWe miss our functions and workshop sessions but under these extreme circumstances it is understandable.\nThank you again it was really appreciated\nKeep safe\nSigned\nxxxx\nxxxx\nxxxx\nxxxx,dear kath drc teamnwe would like to thank you on behalf of ruby a ward for the delivery service you offered today it was very thoughtful and you all made our daynwe miss our functions and workshop sessions but under these extreme circumstances it is understandablenthank you again it was really appreciatednkeep safensignednxxxxnxxxxnxxxxnxxxx,Positive,0.19833333333333333
"After contracting COVID-19, I spent 4 weeks in FVRH ICU, three weeks of which I was on a ventilator. During this time, I received the highest possible level of nursing and professional care, and I absolutely acknowledge that it was only due to this incredible team that I was able to return home. The care I received was nothing short of outstanding; regulations dictated that my family could not be by my bedside in hospital but the staff were able to incorporate small reminders of home throughout my time in hospital, and frequently gave me updates from my family and friends. Nothing was too much trouble, andthe staff went above and beyond anything I could have expected to keep me connected to my loved ones, and made it possible to have my wife and sons virtually by my side. This high-quality care was also extended to my family, who were kept informed and involved in all stages of my recovery process. I cant express enoughhow wonderful this team is, and will always remember the people who saved my life.",after contracting covid i spent weeks in fvrh icu three weeks of which i was on a ventilator during this time i received the highest possible level of nursing and professional care and i absolutely acknowledge that it was only due to this incredible team that i was able to return home the care i received was nothing short of outstanding regulations dictated that my family could not be by my bedside in hospital but the staff were able to incorporate small reminders of home throughout my time in hospital and frequently gave me updates from my family and friends nothing was too much trouble andthe staff went above and beyond anything i could have expected to keep me connected to my loved ones and made it possible to have my wife and sons virtually by my side this highquality care was also extended to my family who were kept informed and involved in all stages of my recovery process i cant express enoughhow wonderful this team is and will always remember the people who saved my life,Positive,0.19605263157894734
"My brother was in CCU requiring ventilation and renal dialysis for 3 weeks. He was given a tracheotomy once intubation was discontinued. He came home last week after 7 weeks in Preston Royal. The wonderful staff saved his life - they didnt give up on him. On behalf of his family we want to say thank you so much, please stay safe and strong.",my brother was in ccu requiring ventilation and renal dialysis for weeks he was given a tracheotomy once intubation was discontinued he came home last week after weeks in preston royal the wonderful staff saved his life they didnt give up on him on behalf of his family we want to say thank you so much please stay safe and strong,Positive,0.42666666666666664
I was recently admitted to ward A12 where I was diagnosed with multiple sclerosis and I have to say a huge thank you to the staff who cared for me. Being in there alone with no visitors and getting that news was a very difficult couple of days and the staff were so caring and attentive! Nothing was too much trouble for them! Must say an extra special thank you to staff nurse Sarah and student nurse Sarah who looked after me with such care that I didnt feel alone at such an upsetting time. The care I received was absolutely second to none!,i was recently admitted to ward a where i was diagnosed with multiple sclerosis and i have to say a huge thank you to the staff who cared for me being in there alone with no visitors and getting that news was a very difficult couple of days and the staff were so caring and attentive nothing was too much trouble for them must say an extra special thank you to staff nurse sarah and student nurse sarah who looked after me with such care that i didnt feel alone at such an upsetting time the care i received was absolutely second to none,Positive,0.027922077922077928
"I am a service user at High Wycombe and I am finding all the online Microsoft Teams groups with One Recovery are working very well and I feel very supported. The groups are very similar to being in person, it did take a little time to get used to but I am now confident and very happy with how it all works. All I can say is positive feedback and nothing negative about these groups. I attend at least one group a day including Art, Peer Support, Relapse Prevention, Service User Plus, Recovery Cafe and occasionally meditation group.",i am a service user at high wycombe and i am finding all the online microsoft teams groups with one recovery are working very well and i feel very supported the groups are very similar to being in person it did take a little time to get used to but i am now confident and very happy with how it all works all i can say is positive feedback and nothing negative about these groups i attend at least one group a day including art peer support relapse prevention service user plus recovery cafe and occasionally meditation group,Positive,0.13634297520661154
I had to go for a CT scan and cannot thank the staff enough for their empathy and care. Respect to you all x,i had to go for a ct scan and cannot thank the staff enough for their empathy and care respect to you all x,Neutral,0.0
"Would like to say a big thank you to all staff on ward 22B of Forth Valley Royal Hospital I was admitted for emergency surgery and was looked after excellently by all the staff in ICU, and on the ward, the surgeons and Doctors did an excellent job as did the nurses and all the other staff looked after me great which aided to me having a speed recovery and getting home to my family and friends, all staff are working really hard under very busy and stressful times and they have got the management of covid 19 patients and non infected patients down to a T they are stringent in ensure all guidelines are followed in every way and always make time to chat and make sure your ok, thank you all, carol",would like to say a big thank you to all staff on ward b of forth valley royal hospital i was admitted for emergency surgery and was looked after excellently by all the staff in icu and on the ward the surgeons and doctors did an excellent job as did the nurses and all the other staff looked after me great which aided to me having a speed recovery and getting home to my family and friends all staff are working really hard under very busy and stressful times and they have got the management of covid patients and non infected patients down to a t they are stringent in ensure all guidelines are followed in every way and always make time to chat and make sure your ok thank you all carol,Positive,0.3357777777777778
"I would just like to take a moment to express my heartfelt thanks to all the staff on glen more ward at coathill hospital. Especially Leanne, Paula and carol Anne who have looked after my great uncle and catered for his every need. they have went above and beyond to ensure he was comfortable, settled and during this time where we cannot visit they have kept us fully informed every day. I would like to personally thank the staff nurse Leanne who we have built up such a relationship with. What a fantastic nurse and especially when she had to call to break that horrible news to us she was so sympathetic and caring. we will be forever in your debt. Couldnt recommend this unit and the staff enough.",i would just like to take a moment to express my heartfelt thanks to all the staff on glen more ward at coathill hospital especially leanne paula and carol anne who have looked after my great uncle and catered for his every need they have went above and beyond to ensure he was comfortable settled and during this time where we cannot visit they have kept us fully informed every day i would like to personally thank the staff nurse leanne who we have built up such a relationship with what a fantastic nurse and especially when she had to call to break that horrible news to us she was so sympathetic and caring we will be forever in your debt couldnt recommend this unit and the staff enough,Positive,0.12857142857142856
"My mum had been attending choir and tai-chi at the hospice before going on the 12 week out-patient programme which she absolutely loved. Covid interrupted this but staff continued to call once a week. During the first 7 weeks of lockdown, mum lived with our family but as her care needs increased dramatically she sadly had to be placed in care. This has been a roller-coaster of emotions for all of us and the calls from staff at the hospice were welcomes. Staff understood and empathised and this was invaluable at times. Thank you for your care.",my mum had been attending choir and taichi at the hospice before going on the week outpatient programme which she absolutely loved covid interrupted this but staff continued to call once a week during the first weeks of lockdown mum lived with our family but as her care needs increased dramatically she sadly had to be placed in care this has been a rollercoaster of emotions for all of us and the calls from staff at the hospice were welcomes staff understood and empathised and this was invaluable at times thank you for your care,Positive,0.15
"After reading another positive review on here, I wanted to share my experience too. I felt really listened to and informed my whole pregnancy and supported in my choices by my midwives Kate and then Rosie. Kate helped me feel empowered to choose what was best for me and to know my rights. Rosie provided continual care as well as yoga and hypnobirthing and was very caring and supportive when I got a bit upset after speaking to the obstetrician whose words unintentionally had me doubting my own decision making skills. She took me through my previous birth minute by minute which was exactly what I needed. In the end I am so so thankful to have been able to give birth in Oban hospital - it was a healing experience and took away that lack of control and doubt from my first birth. Miaread was incredible in her unflappable, unobtrusive and intuitive support during labour. The nurse who put in my cannula (though I wasnt able to speak to her by this point) was also really calming and friendly and helped turn around something I was initially afraid of and reluctant to do. I truly couldnt have asked for a better birth experience and never thought I would get the gentle and empowered experience that I did.",after reading another positive review on here i wanted to share my experience too i felt really listened to and informed my whole pregnancy and supported in my choices by my midwives kate and then rosie kate helped me feel empowered to choose what was best for me and to know my rights rosie provided continual care as well as yoga and hypnobirthing and was very caring and supportive when i got a bit upset after speaking to the obstetrician whose words unintentionally had me doubting my own decision making skills she took me through my previous birth minute by minute which was exactly what i needed in the end i am so so thankful to have been able to give birth in oban hospital it was a healing experience and took away that lack of control and doubt from my first birth miaread was incredible in her unflappable unobtrusive and intuitive support during labour the nurse who put in my cannula though i wasnt able to speak to her by this point was also really calming and friendly and helped turn around something i was initially afraid of and reluctant to do i truly couldnt have asked for a better birth experience and never thought i would get the gentle and empowered experience that i did,Positive,0.32420033670033677
"Upon arrival I was greeted by the loveliest blonde lady , I think Linda , who made me feel completely at ease .I was so worked up thinking I was wasting NHS time ...I was them met By Staff Nurse Carol Ann who was also incredibly kind and amazing !What a lovely lovely girl and so suited to her job title .My care was 1st class and I cannot thank both girls enough for there careCarol Ann you are amazing , thank you again so so much for your Kindness and concern...I have broken my shoulder ...I will be most definitely be sharing my story ...I LOVE THE NHS ....",upon arrival i was greeted by the loveliest blonde lady i think linda who made me feel completely at ease i was so worked up thinking i was wasting nhs time i was them met by staff nurse carol ann who was also incredibly kind and amazing what a lovely lovely girl and so suited to her job title my care was st class and i cannot thank both girls enough for there carecarol ann you are amazing thank you again so so much for your kindness and concerni have broken my shoulder i will be most definitely be sharing my story i love the nhs,Positive,0.2846153846153846
"My mother was admitted to KGH at the beginning of May 2020 for a period of 2 days before she sadly died.The staff have lost her personal belongings, including her clothes, dentures and a sentimental gold necklace with a crucifix on that she never took off.Proceedures were not followed regarding listing patients valuables. The staff were negligent with her personal belongings. When attempts were made to contact the wards involved everyone shirked responsibility, we were even made out to be lying! We were treated with contempt, and laughed at, certainly not how youre expected to be treated, especially not when mourning for a loved one gone so suddenly.",my mother was admitted to kgh at the beginning of may for a period of days before she sadly diedthe staff have lost her personal belongings including her clothes dentures and a sentimental gold necklace with a crucifix on that she never took offproceedures were not followed regarding listing patients valuables the staff were negligent with her personal belongings when attempts were made to contact the wards involved everyone shirked responsibility we were even made out to be lying we were treated with contempt and laughed at certainly not how youre expected to be treated especially not when mourning for a loved one gone so suddenly,Positive,0.044285714285714275
I felt desperate. My emotions were out of control. I couldnt focus on anything. The aniexty was affecting every aspect of my life. But since having counselling I have realised my self worth. Ive realised that I took peoples comments very personally. Depression has lifted. And my self confidence is coming back. I am finding myself again as I was totally lost. I cant thank claire enough for her time encouragement & support over the past 3 mths. With her help & support I am slowly getting my life back.,i felt desperate my emotions were out of control i couldnt focus on anything the aniexty was affecting every aspect of my life but since having counselling i have realised my self worth ive realised that i took peoples comments very personally depression has lifted and my self confidence is coming back i am finding myself again as i was totally lost i cant thank claire enough for her time encouragement support over the past mths with her help support i am slowly getting my life back,Negative,-0.09444444444444446
A lady that I work with rang an ambulance at approx 8am. The crew arrived and one of the paramedics came across as arrogant an uncaring and stated that she did not need to go to hospital. She stated that the paramedic wrote her stats wrong on the paperwork and left. Leaving her feeling panicked and really distraught.I spoke to her and suggested we rang her GP who unfortunately wasnt able to offer a telephone consultation until 3.30pm.The GP themselves rang an ambulance as they knew she was quite unwell.It later transpired that she had had a heart attack and was kept in hospital for 5 days.,a lady that i work with rang an ambulance at approx am the crew arrived and one of the paramedics came across as arrogant an uncaring and stated that she did not need to go to hospital she stated that the paramedic wrote her stats wrong on the paperwork and left leaving her feeling panicked and really distraughti spoke to her and suggested we rang her gp who unfortunately wasnt able to offer a telephone consultation until pmthe gp themselves rang an ambulance as they knew she was quite unwellit later transpired that she had had a heart attack and was kept in hospital for days,Negative,-0.05000000000000001
I suffer from rheumatoid arthritis 23 years now. affecting most joints its also affected my lungs and heart I attend gartnavel general hospital Glasgow under care of Dr hunter and Dr porter both of them are the best doctors consultants on the planet so caring and helpfull,i suffer from rheumatoid arthritis years now affecting most joints its also affected my lungs and heart i attend gartnavel general hospital glasgow under care of dr hunter and dr porter both of them are the best doctors consultants on the planet so caring and helpfull,Positive,0.5166666666666667
"I have struggled with ocd for many years and suffered with very low self esteem and intrusive thoughts.I felt so low and alone scared and really out of control of my own thoughts. I felt trapped and like I was a bad person I used to best myself up daily and mentally torture myself. But at Bromley Healthcare, Ifelt safe in my sessions with James",i have struggled with ocd for many years and suffered with very low self esteem and intrusive thoughtsi felt so low and alone scared and really out of control of my own thoughts i felt trapped and like i was a bad person i used to best myself up daily and mentally torture myself but at bromley healthcare ifelt safe in my sessions with james,Positive,0.1636363636363636
"In November 2019 I had a Hip Replacement Surgery at BMI Ross Hall, Glasgow. The replacement went ok but a Fermol Nerve was damaged and over stretched. I have to wear a knee brace to support my knee. I have Osteoarthritis in my knee is swollen and sore. While I know this cant happen just now, I am wondering how to eventually get a second opinion.",in november i had a hip replacement surgery at bmi ross hall glasgow the replacement went ok but a fermol nerve was damaged and over stretched i have to wear a knee brace to support my knee i have osteoarthritis in my knee is swollen and sore while i know this cant happen just now i am wondering how to eventually get a second opinion,Positive,0.15
The care here has been excellent there isnt anything that could make it better. The visiting restrictions I find tough. I find this time with the virus is unreal yet I have lived through the 2nd world war and all the difficulties that brought. I miss seeing my family. I can telephone them on my mobile everyday. They have posted in pictures and my great grandchildrens drawings. That was lovely.I pass the time watching TV and reading. The food is good and varied.,the care here has been excellent there isnt anything that could make it better the visiting restrictions i find tough i find this time with the virus is unreal yet i have lived through the nd world war and all the difficulties that brought i miss seeing my family i can telephone them on my mobile everyday they have posted in pictures and my great grandchildrens drawings that was lovelyi pass the time watching tv and reading the food is good and varied,Positive,0.4018518518518519
I was told to self isolate by my previous job as I used to work in a prison. I felt really bad with it and was worried so phoned 111. The call handler I spoke to was very polite and helpful whilst being efficient. He put my mind at rest.,i was told to self isolate by my previous job as i used to work in a prison i felt really bad with it and was worried so phoned the call handler i spoke to was very polite and helpful whilst being efficient he put my mind at rest,Negative,-0.22222222222222218
"I was put on co codamol tablets for my migraines 5 years ago, at first I was ok only taking them when I got a migraine and they worked so well, I dont know how it started exactly but over time I loved the feeling codeine tablets gave me. I was always happy they would help me to sleep and make me more confident in life. After 2 years my sister finally noticed my addiction and she rang the doctors, which I was then made an appointment to see a doctor and she put me on anti depressants and just told me to stop taking codeine, I did try I managed a year without them, but then I started again but this time it got worse. I was taking 32 tablets within 2 days. I would get angry and agitated if I never took them, I started having therapy for my anxiety which then I told my story of addiction to my therapist, she then referred me to cgl which I wasnt going to go at first as I didnt think anyone could help me and didnt want anyone taking my happy pills away from me, but I was so worried about the damage it was causing to my body. I was also so numb everyday I was in a world of my own, so I went to my appointment with cgl, and they was great. It didnt take long before they put me on a plan to help me ease of the codeine tablets I always thought I was weird that I was addicted to tablets I thought I was the only one until I started reading up and was amazed there was so many others like me that was addicted to codeine and couldnt see a way out, so Im now on espranor tablets I take 10mg a day And theyre working great.The first 2 weeks I was sick but I couldnt believe that I wasnt even thinking of codeine tablets once on espranor, its been 5 months now and I havent had any codeine I havent once thought about it either and Im such a happier person. I didnt realise what damage it was doing to me I didnt even recognise myself I was numb everyday didnt speak to anyone, always tired, I am so thankful to the cgl team they have been great, even call me once a week to see how I am and just for a chat.Ive also found another way to control my migraines and would never touch a codeine tablet again they ruined me and are just so addictive, I urge anyone that can see there getting addicted to get help straight away, I was a lucky one my blood tests came back ok but my insides could have been damaged a lot more if I would of carried on or I could have overdosed myself, a big thank you to cgl they work so so hard and are there to help anyone who has an addiction, they act more like there your friend than doing a job,",i was put on co codamol tablets for my migraines years ago at first i was ok only taking them when i got a migraine and they worked so well i dont know how it started exactly but over time i loved the feeling codeine tablets gave me i was always happy they would help me to sleep and make me more confident in life after years my sister finally noticed my addiction and she rang the doctors which i was then made an appointment to see a doctor and she put me on anti depressants and just told me to stop taking codeine i did try i managed a year without them but then i started again but this time it got worse i was taking tablets within days i would get angry and agitated if i never took them i started having therapy for my anxiety which then i told my story of addiction to my therapist she then referred me to cgl which i wasnt going to go at first as i didnt think anyone could help me and didnt want anyone taking my happy pills away from me but i was so worried about the damage it was causing to my body i was also so numb everyday i was in a world of my own so i went to my appointment with cgl and they was great it didnt take long before they put me on a plan to help me ease of the codeine tablets i always thought i was weird that i was addicted to tablets i thought i was the only one until i started reading up and was amazed there was so many others like me that was addicted to codeine and couldnt see a way out so im now on espranor tablets i take mg a day and theyre working greatthe first weeks i was sick but i couldnt believe that i wasnt even thinking of codeine tablets once on espranor its been months now and i havent had any codeine i havent once thought about it either and im such a happier person i didnt realise what damage it was doing to me i didnt even recognise myself i was numb everyday didnt speak to anyone always tired i am so thankful to the cgl team they have been great even call me once a week to see how i am and just for a chative also found another way to control my migraines and would never touch a codeine tablet again they ruined me and are just so addictive i urge anyone that can see there getting addicted to get help straight away i was a lucky one my blood tests came back ok but my insides could have been damaged a lot more if i would of carried on or i could have overdosed myself a big thank you to cgl they work so so hard and are there to help anyone who has an addiction they act more like there your friend than doing a job,Positive,0.09693452380952382
I have found the care here to be excellent. Dont like being moved from one ward to another. I find it difficult initially when my routine is changed. But I have been able to adjust. Not having visitors is not bothering me as I have very few visitors at home.,i have found the care here to be excellent dont like being moved from one ward to another i find it difficult initially when my routine is changed but i have been able to adjust not having visitors is not bothering me as i have very few visitors at home,Positive,0.148
"Hello JulieI just wanted to feed back to you once again how thankful AE was with all your support during her complex discharge planning, as youre aware she required an advocate as she felt her family were not supporting her with her wishes and feelings. A was extremely thankful for all your time and effort in keeping in touch via phone call e-mail & skype during these difficult times, she has consistently told me she had full trust in you as an advocate and felt you were fighting her corner. As a DLN I would also like to thank you for all of the support you have provided patients on my caseload. By the very nature of my role and referrals I receive patients can be extremely complex with very difficult family dynamics working alongside you is a great support to both myself and the patients you advocate for.",hello juliei just wanted to feed back to you once again how thankful ae was with all your support during her complex discharge planning as youre aware she required an advocate as she felt her family were not supporting her with her wishes and feelings a was extremely thankful for all your time and effort in keeping in touch via phone call email skype during these difficult times she has consistently told me she had full trust in you as an advocate and felt you were fighting her corner as a dln i would also like to thank you for all of the support you have provided patients on my caseload by the very nature of my role and referrals i receive patients can be extremely complex with very difficult family dynamics working alongside you is a great support to both myself and the patients you advocate for,Negative,-0.012500000000000002
"I commenced the online peer to peer groups with Marios about 3 weeks ago. Prior to attending the online group, I was apprehensive, wondering what information will be shared. I was also worried about showing my face, but realizing actually if I didnt, I would not have had the same experience.The people in the group are from all walks of life and what is fascinating is the non judgmental aspect of the meeting. It was really useful and really gave me strength and almost come off the session and more relaxed and calm.Mario is an excellent host. He makes people feel at ease, encourages respect and open conversation. I look forward to actually attending these sessions and feel I come further with each one.Thank you for your support.",i commenced the online peer to peer groups with marios about weeks ago prior to attending the online group i was apprehensive wondering what information will be shared i was also worried about showing my face but realizing actually if i didnt i would not have had the same experiencethe people in the group are from all walks of life and what is fascinating is the non judgmental aspect of the meeting it was really useful and really gave me strength and almost come off the session and more relaxed and calmmario is an excellent host he makes people feel at ease encourages respect and open conversation i look forward to actually attending these sessions and feel i come further with each onethank you for your support,Positive,0.24545454545454548
"We recently had to take our 1 year old to ED as he fell and burst his cheek. The fear and panic I was overwhelming knowing I was taking him into a Covid hot bed. From walking in the front door, the care, compassion and professionalism were second to none. Particularly Nicola. I cant thank them enough for how well they looked after not only my little boy but my husband. They made a traumatic experience for all more relaxed. I will truly always be thankful to our NHS heroes and the ED department at Wishaw deserve praise for what they do day in and day out.",we recently had to take our year old to ed as he fell and burst his cheek the fear and panic i was overwhelming knowing i was taking him into a covid hot bed from walking in the front door the care compassion and professionalism were second to none particularly nicola i cant thank them enough for how well they looked after not only my little boy but my husband they made a traumatic experience for all more relaxed i will truly always be thankful to our nhs heroes and the ed department at wishaw deserve praise for what they do day in and day out,Positive,0.13291666666666666
"I was recently a patient in ward 119 at RIE. After spending nearly 5 days in the ward after having an elective c-section I have nothing but praise for the fantastic staff who work there. The care both myself and my son received was beyond amazing and completely reassured me after a previous negative birth experience.The staff were warm and compassionate, they were happy to assist with all aspects of care and made me feel relaxed especially when my partner was not able to visit.I enjoyed the peace and certainly felt more relaxed with the current set up of visiting. The staff spent time with me and I truly felt ready for discharge when the day came. At no point did I feel rushed to leave and really couldnt have asked for better care.All the staff are amazing and they have made a very scary time one of the best experiences of my life! Thank you.",i was recently a patient in ward at rie after spending nearly days in the ward after having an elective csection i have nothing but praise for the fantastic staff who work there the care both myself and my son received was beyond amazing and completely reassured me after a previous negative birth experiencethe staff were warm and compassionate they were happy to assist with all aspects of care and made me feel relaxed especially when my partner was not able to visiti enjoyed the peace and certainly felt more relaxed with the current set up of visiting the staff spent time with me and i truly felt ready for discharge when the day came at no point did i feel rushed to leave and really couldnt have asked for better careall the staff are amazing and they have made a very scary time one of the best experiences of my life thank you,Positive,0.22034632034632037
"l received my Gynaecology OPA after getting referred from my GP , l did think due to the Covid 19 situation , clinic appointments would be suspended . So when l recieved mines really quickly , l was a bit apprehensive and nervous to attend, thinking the worst case senarioBut on arriving my fears went right out the window , Michelle the ANP was lovely as were the other 2 nurses. She explained why l was there , what was going to happen and then what every step of the procedure was and what my options were post procedure.After the procedure , she gave me contact numbers , email address etc if l had any questions . l cant thank her and her team enough for all their help and reassurance today , they made me feel at ease throughout the appointment. As an nurse myself l know how important it is to make the patient feel at ease and they certainly did thathuge thank you again",l received my gynaecology opa after getting referred from my gp l did think due to the covid situation clinic appointments would be suspended so when l recieved mines really quickly l was a bit apprehensive and nervous to attend thinking the worst case senariobut on arriving my fears went right out the window michelle the anp was lovely as were the other nurses she explained why l was there what was going to happen and then what every step of the procedure was and what my options were post procedureafter the procedure she gave me contact numbers email address etc if l had any questions l cant thank her and her team enough for all their help and reassurance today they made me feel at ease throughout the appointment as an nurse myself l know how important it is to make the patient feel at ease and they certainly did thathuge thank you again,Positive,0.0537037037037037
Staff attitudeStaff skillsTeam workSeeing the whole meTreatment,staff attitudestaff skillsteam workseeing the whole metreatment,Positive,0.2
"My little boy has just turned 6 weeks old and I would like to extend my thanks to the wonderful team of midwives we encountered. My community midwife was Lorraine from the Buckie, Keith and Cullen Team and it was like a reunion with an old friend as she had cared for me 4 years prior with pregnancy one. The obvious big change from last pregnancy was the loss of obstetric backup based in Dr Grays Hospital. I was lucky enough to have had a straight forward pregnancy last time was happy to book with Ward 3 on the basis of the positive experience I had encountered there before. Lorraine organised all the routine scans and conducted her routine antenatal care in her usual friendly and reassuring manner sometimes with a student midwife or return to practice midwife present benefiting from her knowledge and experience.The scanning midwives were skilled and patient as my little boy was a bit camera shy on both occasions but they took the time needed to get the information required allowing me to drink more water and move around rather than reschedule appointment when I had already swapped shifts at my work to be there.Then came corona virus and all the necessary changes to service provision that came with it. My last antenatal apppointments were over the phone until I was over my dates. I was anxious to do anything to avoid having to go down to Aberdeen for an induction and especially with the new and necessary restrictions in visiting. Aberdeen was also a good 60 miles away for me, I had a 4 yr old at home and it was spring time - one of the busiest times in the year for my farmer husband. Also, with the country in lockdown this added extra pressure of whether I would have childcare for our 4 yr old or whether I would have to go through the labour on my own.Lorraine saw me at around midday and performed a sweep to try and encourage labour to start and organised post dates scan and induction in case it was required. Fortunately, she worked her magic and I went into ward 3 later that night. The timing was perfect as my 4 yr old was in bed oblivious and our farm worker slept in the spare room at home to be there for him if required. In ward 3 I was met by Midwife Rebecca. I was disappointed in myself that I wasnt as far through the first stage as I thought (or hoped) but Rebecca was quick to remind me that this baby was coming and would be born tonight and that she anticipated that labour would progress quickly from here. She was right (I should have asked her for the lottery numbers when I was in) and was helping me through to the delivery suite about an hour later. She was kind, supportive and kept me going with some added humour and was in control when I was at the stage where I no longer knew what to do with myself and no doubt talking rubbish on the entonox. She called for another midwife when delivery was imminent and Midwife Fiona appeared. She was brilliant too. A calm and reassuring presence who encouraged me over the finish line. She took the baby and did his initial checks while Rebecca was left with a bit of stitching up to do. She did this quickly and skillfully and everything healed with no problems. They also made the best coffee and toast! Husband was back home for a sleep and then able to wake our firstborn to the news he had a wee brother.The next morning midwife Deborah came on shift and did all the usual post natal checks for both me and my baby efficiently even while getting used to the new PPE guidance giving us the green light for discharge home. Follow up with Lorraine and her colleague Kirsty for a weekend visit ensured that initial breast feeding hurdles were overcame.We are grateful to all these amazing ladies for their expert care which we were lucky to have locally. They provide an excellent service in challenging times in a challenging location and are to be applauded!",my little boy has just turned weeks old and i would like to extend my thanks to the wonderful team of midwives we encountered my community midwife was lorraine from the buckie keith and cullen team and it was like a reunion with an old friend as she had cared for me years prior with pregnancy one the obvious big change from last pregnancy was the loss of obstetric backup based in dr grays hospital i was lucky enough to have had a straight forward pregnancy last time was happy to book with ward on the basis of the positive experience i had encountered there before lorraine organised all the routine scans and conducted her routine antenatal care in her usual friendly and reassuring manner sometimes with a student midwife or return to practice midwife present benefiting from her knowledge and experiencethe scanning midwives were skilled and patient as my little boy was a bit camera shy on both occasions but they took the time needed to get the information required allowing me to drink more water and move around rather than reschedule appointment when i had already swapped shifts at my work to be therethen came corona virus and all the necessary changes to service provision that came with it my last antenatal apppointments were over the phone until i was over my dates i was anxious to do anything to avoid having to go down to aberdeen for an induction and especially with the new and necessary restrictions in visiting aberdeen was also a good miles away for me i had a yr old at home and it was spring time one of the busiest times in the year for my farmer husband also with the country in lockdown this added extra pressure of whether i would have childcare for our yr old or whether i would have to go through the labour on my ownlorraine saw me at around midday and performed a sweep to try and encourage labour to start and organised post dates scan and induction in case it was required fortunately she worked her magic and i went into ward later that night the timing was perfect as my yr old was in bed oblivious and our farm worker slept in the spare room at home to be there for him if required in ward i was met by midwife rebecca i was disappointed in myself that i wasnt as far through the first stage as i thought or hoped but rebecca was quick to remind me that this baby was coming and would be born tonight and that she anticipated that labour would progress quickly from here she was right i should have asked her for the lottery numbers when i was in and was helping me through to the delivery suite about an hour later she was kind supportive and kept me going with some added humour and was in control when i was at the stage where i no longer knew what to do with myself and no doubt talking rubbish on the entonox she called for another midwife when delivery was imminent and midwife fiona appeared she was brilliant too a calm and reassuring presence who encouraged me over the finish line she took the baby and did his initial checks while rebecca was left with a bit of stitching up to do she did this quickly and skillfully and everything healed with no problems they also made the best coffee and toast husband was back home for a sleep and then able to wake our firstborn to the news he had a wee brotherthe next morning midwife deborah came on shift and did all the usual post natal checks for both me and my baby efficiently even while getting used to the new ppe guidance giving us the green light for discharge home follow up with lorraine and her colleague kirsty for a weekend visit ensured that initial breast feeding hurdles were overcamewe are grateful to all these amazing ladies for their expert care which we were lucky to have locally they provide an excellent service in challenging times in a challenging location and are to be applauded,Positive,0.2021914238332149
I was taken ill at work in AprilParamedics arrived and quickly and got me to A&EI had gone into complete Heart block by the time we had arrived the whole team worked extremely hard and I was given CPR 3 times my organs failed but they fought and brought me back I was put on a ventilator and dialysis and taken to ICU when I was woken up 2 days later the Drs nurses and everyone were amazed I had pulled through and didnt have any kind of brain damage.I continued my stay for the next10 days I cannot thank all the team that helped me enough I would not be here today if it wasnt for you all .I am also very honoured that you asked me if you could use my records for training purposes which I am happy for you to do especially if it helps save more livesI am forever in your debt Thankyou all again the NHS are amazing people all of you are so dedicated to what you do.Thankyou again,i was taken ill at work in aprilparamedics arrived and quickly and got me to aei had gone into complete heart block by the time we had arrived the whole team worked extremely hard and i was given cpr times my organs failed but they fought and brought me back i was put on a ventilator and dialysis and taken to icu when i was woken up days later the drs nurses and everyone were amazed i had pulled through and didnt have any kind of brain damagei continued my stay for the next days i cannot thank all the team that helped me enough i would not be here today if it wasnt for you all i am also very honoured that you asked me if you could use my records for training purposes which i am happy for you to do especially if it helps save more livesi am forever in your debt thankyou all again the nhs are amazing people all of you are so dedicated to what you dothankyou again,Positive,0.12760416666666669
"My wife had a midwifeappointment at Wycombe hospital today. When she got home she was very upset because she felt as though the midwife had treated her like a piece of work that she had to get through and as though the appointment was a tick-box exercise, rather than checking how she and the baby are doing. Not once was she asked how she was. It would have made the world of difference if the midwife had taken two minutes to show an interest and to show that there was someone in the healthcare system who cared about her wellbeing, but that didnt happen.What makes this even more disappointing is that it is really tough for pregnant women and their families in lockdown because they are only able to receive a very limited amount of support from friends and family.It is also Mental Health Awareness week, something that has clearly passed this particular midwife by, and even more of a reason for someone just to ask how my wife was doing. This is the second time my wife has seen this particular midwife and the treatment was the same last time.It is a real shame that my wifehad to experience thisbecause when we had our first baby, the staff at Stoke Mandeville were superb and when we have been on the paediatric wardeveryone has been amazing.",my wife had a midwifeappointment at wycombe hospital today when she got home she was very upset because she felt as though the midwife had treated her like a piece of work that she had to get through and as though the appointment was a tickbox exercise rather than checking how she and the baby are doing not once was she asked how she was it would have made the world of difference if the midwife had taken two minutes to show an interest and to show that there was someone in the healthcare system who cared about her wellbeing but that didnt happenwhat makes this even more disappointing is that it is really tough for pregnant women and their families in lockdown because they are only able to receive a very limited amount of support from friends and familyit is also mental health awareness week something that has clearly passed this particular midwife by and even more of a reason for someone just to ask how my wife was doing this is the second time my wife has seen this particular midwife and the treatment was the same last timeit is a real shame that my wifehad to experience thisbecause when we had our first baby the staff at stoke mandeville were superb and when we have been on the paediatric wardeveryone has been amazing,Positive,0.16674603174603175
The staff and the doctors at this practice are incredibly friendly and helpful.Ive been registered with the practoce for some time and i must say their knowledge and professionaliam is fantastic.Ive never had trouble getring an appointment and everyone is very accommodating.Its lovely to know that they are willing to go the extra mile for their patients.,the staff and the doctors at this practice are incredibly friendly and helpfulive been registered with the practoce for some time and i must say their knowledge and professionaliam is fantasticive never had trouble getring an appointment and everyone is very accommodatingits lovely to know that they are willing to go the extra mile for their patients,Positive,0.1875
Staff worked hard. Was very supportive too. The move went as smooth as it could. What I will say is the floor in my room is that I dont like my room!Otherwise I am well and feel safe & secure on my new ward. I commend staff for coming to work and helping especially in the Covid 19 stages. Thank you Cambridge moved to Carlisle,staff worked hard was very supportive too the move went as smooth as it could what i will say is the floor in my room is that i dont like my roomotherwise i am well and feel safe secure on my new ward i commend staff for coming to work and helping especially in the covid stages thank you cambridge moved to carlisle,Positive,0.2563852813852813
"Struggling with anxiety prior to this service. Husband & daughter finding it hard to cope. IRIS Team came in early February 20 started me with routine & positivity.Together we found ways of helping each other cope with the situation.\nGood advice given by all attendants, positive feedback at every stage. The support at the time was valuable and well received.\nI am now on the mend thanks to your help. However, there is still a way to go and we are still using a self help course on CBT and using the daily diary to record feelings. \nThank you to everyone who helped me. Much appreciated.",struggling with anxiety prior to this service husband daughter finding it hard to cope iris team came in early february started me with routine positivitytogether we found ways of helping each other cope with the situationngood advice given by all attendants positive feedback at every stage the support at the time was valuable and well receivedni am now on the mend thanks to your help however there is still a way to go and we are still using a self help course on cbt and using the daily diary to record feelings nthank you to everyone who helped me much appreciated,Positive,0.03882575757575758
"The move from Cambridge to Carlisle was effortless and over within 2 days, or at least it was for the patients. We caged all our belongings and off they went before us then after dinner on the Sunday we were all took up the stairs to Carlisle and just emptied our cages in our pre determined tooms. The staff had obviously done this before, as you could tell from their efficient way of doing things. It made what could have been a stressful, hard work and upsetting time into an opportunity to see the hospital from a different perspective. The patients now dealt with it as an adventure instead of an upheaval and some have started saying they hope we may stay here for good.",the move from cambridge to carlisle was effortless and over within days or at least it was for the patients we caged all our belongings and off they went before us then after dinner on the sunday we were all took up the stairs to carlisle and just emptied our cages in our pre determined tooms the staff had obviously done this before as you could tell from their efficient way of doing things it made what could have been a stressful hard work and upsetting time into an opportunity to see the hospital from a different perspective the patients now dealt with it as an adventure instead of an upheaval and some have started saying they hope we may stay here for good,Positive,0.021666666666666657
"Got seen quickly, Doctor did scan and gave results, told me findings and nothing too worry about, would have appreciated him telling me why i had a fatty lump with connective tissue..",got seen quickly doctor did scan and gave results told me findings and nothing too worry about would have appreciated him telling me why i had a fatty lump with connective tissue,Positive,0.1111111111111111
"Burne Ward, Rampton. During COVID restrictions Therapy and Education staff are delivering activities on the wards. Here are some comments from patients on Burne Ward:Patient\nQuotes:\n\nTED staff are amazing! I really enjoy your company\n\nYoure doing a good job I like the\nsocial aspect of the activities\n\nYour team are like a silver lining in a cloud Youre really positive!\n\nI feel grateful for you coming onto the ward\nevery week \n\nI like all the activities and going on fresh\nair I enjoy\nthe quizzes\n\nStaff are really nice & polite Your sessions\nare really beneficial\n\nIf you didnt\ncome onto the ward we wouldnt be able to do as much",burne ward rampton during covid restrictions therapy and education staff are delivering activities on the wards here are some comments from patients on burne wardpatientnquotesnnted staff are amazing i really enjoy your companynnyoure doing a good job i like thensocial aspect of the activitiesnnyour team are like a silver lining in a cloud youre really positivenni feel grateful for you coming onto the wardnevery week nni like all the activities and going on freshnair i enjoynthe quizzesnnstaff are really nice polite your sessionsnare really beneficialnnif you didntncome onto the ward we wouldnt be able to do as much,Positive,0.42500000000000004
"The care we as a family have received from Campbeltown Maternity Unit over the last 9 Months has been phenomenal. There were stressful moments when it looked as though I wouldnt be able to deliver here and of course the restrictions of Covid 19. The thought of having to deliver elsewhere broke my heart. Im a born fighter and wasnt prepared to accept I had no choice. My wonderful midwife arranged a consultant appointment for me with the Consultant I had seen when I had complications after my first labour. A plan was put in place to allow a local delivery on the understanding that if complications arose I would be transferred.Towards the end of March i was experiencing light cramping as the cramps become more rapid it dawned on me they may actually be contractions. We phoned the on call midwife and were advised to go to the Unit, we arrived around midnight. The two midwives on call were Helen & Charlotte. Around 1am my cramps intensified and felt like proper contractions. I asked for gas & air and after an examination my waters broke.The team knew I wanted to use the pool so Charlotte set about filling it. However ourbaby girl wasnt prepared to wait she made a very rapid appearance and was lovingly delivered by Helen around 2.30amI honestly cant fault the care we received in labour and feel so blessed to have a wee Campbeltonian ( even though she was 9lbs 3)My experience of labour here was amazing and Im still a bit overwhelmed by how amazing it was. We look forward to being looked after by these wonderful ladies again in the future when 2 hopefully becomes 3 .Special mention has to be given to how well the midwives have supported all the parents to be in the town during the uncertainty of Covid 19 .Im sure they themselves have at times been scared & worried for their own families .Yet they have gone above & beyond for each and every one of us.Forever grateful",the care we as a family have received from campbeltown maternity unit over the last months has been phenomenal there were stressful moments when it looked as though i wouldnt be able to deliver here and of course the restrictions of covid the thought of having to deliver elsewhere broke my heart im a born fighter and wasnt prepared to accept i had no choice my wonderful midwife arranged a consultant appointment for me with the consultant i had seen when i had complications after my first labour a plan was put in place to allow a local delivery on the understanding that if complications arose i would be transferredtowards the end of march i was experiencing light cramping as the cramps become more rapid it dawned on me they may actually be contractions we phoned the on call midwife and were advised to go to the unit we arrived around midnight the two midwives on call were helen charlotte around am my cramps intensified and felt like proper contractions i asked for gas air and after an examination my waters brokethe team knew i wanted to use the pool so charlotte set about filling it however ourbaby girl wasnt prepared to wait she made a very rapid appearance and was lovingly delivered by helen around ami honestly cant fault the care we received in labour and feel so blessed to have a wee campbeltonian even though she was lbs my experience of labour here was amazing and im still a bit overwhelmed by how amazing it was we look forward to being looked after by these wonderful ladies again in the future when hopefully becomes special mention has to be given to how well the midwives have supported all the parents to be in the town during the uncertainty of covid im sure they themselves have at times been scared worried for their own families yet they have gone above beyond for each and every one of usforever grateful,Positive,0.39081632653061227
"During the Covid 19 outbreak i contacted my doctors with covid symptoms. The reception staff  were very professional and courteous and said a doctor would telephone me. A doctor contacted me within 30 minutes and went through my symptom, deciding I should isolate and get a test as soon as possible. Over the next three weeks, i had three further telephone conversations and was given reassurance and the latest advice in relation to covid 19. The last conversation was initiated by the practice to check up on me and to decide if I needed further investigation into my issues. Throughout the process, the doctors and staff were amazing and I cannot praise them highly enough for their knowledge and care. An excellent practice!!",during the covid outbreak i contacted my doctors with covid symptoms the reception staff were very professional and courteous and said a doctor would telephone me a doctor contacted me within minutes and went through my symptom deciding i should isolate and get a test as soon as possible over the next three weeks i had three further telephone conversations and was given reassurance and the latest advice in relation to covid the last conversation was initiated by the practice to check up on me and to decide if i needed further investigation into my issues throughout the process the doctors and staff were amazing and i cannot praise them highly enough for their knowledge and care an excellent practice,Positive,0.25727272727272726
"Calm, reassuring,gentle staff.  Dealt swiftly with my toe injury, amazing, especially considering the pressure all must be under. Thank you.",calm reassuringgentle staff dealt swiftly with my toe injury amazing especially considering the pressure all must be under thank you,Positive,0.30000000000000004
Sunday appointment. Quiet time. Very clean looking area. Staff calm and well kitted with ppe very reassuring.,sunday appointment quiet time very clean looking area staff calm and well kitted with ppe very reassuring,Positive,0.2441666666666667
"I used e-consult yesterday (for the first time) and thought that the response time and advice, plus the request to attend the surgery, was first rate. I felt privileged to have been seen and advised by your doctors and staff. Thank you so much to everyone. And just to add that I have always found the surgery 100% responsive and helpful.",i used econsult yesterday for the first time and thought that the response time and advice plus the request to attend the surgery was first rate i felt privileged to have been seen and advised by your doctors and staff thank you so much to everyone and just to add that i have always found the surgery responsive and helpful,Positive,0.2333333333333333
"I have been having cancer treatment since January 2020, and Oaklands have supported me through this. Regular GP appointments (by phone) and all the staff are so helpful and kind. Just being kind is one of the greatest things they could do for me, and I thank them and appreciate them.",i have been having cancer treatment since january and oaklands have supported me through this regular gp appointments by phone and all the staff are so helpful and kind just being kind is one of the greatest things they could do for me and i thank them and appreciate them,Positive,0.55
"In April my husband William was admitted to St. Lukes.  Following 2 spells in hospital (he was diagnosed with chronic heart disease, not Covid-19), he was nursed by his wife at home for 4 weeks before it became apparent that he needed more intensive palliative care. St. Lukes settled him into a bright room which opened onto a beautiful garden and then he was assessed by a caring doctor. Every day he was washed, as well as once even shaved. The nurses turned him several times a day to make him more comfortable. All this with tremendous care and very good humour. William had severe breathing issues and could no longer take solid food, just a little water. He fought so hard to live but eventually the fight was lost and, 8 days after arriving, my Love & my Life, finally passed. Once again, the staff were tremendous. They provided sympathy, comfort and a lot of tea in my hour of need. I thank everyone at the hospice from the bottom of my heart for the care, and most all, the dignity they gave to my husband of 35 years in his final days. I believe that hospices are hugely undervalued, after all who wants to contemplate their loved ones ever needing this kind of care, let alone consider ever needing it themselves. But should that day come, please remember that St Lukes is only 40% funded by the government, the rest is made up by fund raising and donations and without hospices like St Lukes the world would be a much more difficult place for the terminally ill and their carers.",in april my husband william was admitted to st lukes following spells in hospital he was diagnosed with chronic heart disease not covid he was nursed by his wife at home for weeks before it became apparent that he needed more intensive palliative care st lukes settled him into a bright room which opened onto a beautiful garden and then he was assessed by a caring doctor every day he was washed as well as once even shaved the nurses turned him several times a day to make him more comfortable all this with tremendous care and very good humour william had severe breathing issues and could no longer take solid food just a little water he fought so hard to live but eventually the fight was lost and days after arriving my love my life finally passed once again the staff were tremendous they provided sympathy comfort and a lot of tea in my hour of need i thank everyone at the hospice from the bottom of my heart for the care and most all the dignity they gave to my husband of years in his final days i believe that hospices are hugely undervalued after all who wants to contemplate their loved ones ever needing this kind of care let alone consider ever needing it themselves but should that day come please remember that st lukes is only funded by the government the rest is made up by fund raising and donations and without hospices like st lukes the world would be a much more difficult place for the terminally ill and their carers,Positive,0.2456986531986532
"I had a stroke in January and after eight days in hospital was able to come home. Happily my husband is fit and well and able to help me where I needed help including putting in a second handrail. The Community Stroke Team arrived on the next day and my treatment which was first class went on from there. I was seen three times a week by various members of the Team including Emma, Jasmine, Jan and Gapele. They were all very kind and caring and very professional. Luckily for me I was ready for discharge at the time of the Corona Virus. I am now almost 100% recovered, able to walk 10,000 steps each day! I am very grateful for all the care from the Community Stroke Team.",i had a stroke in january and after eight days in hospital was able to come home happily my husband is fit and well and able to help me where i needed help including putting in a second handrail the community stroke team arrived on the next day and my treatment which was first class went on from there i was seen three times a week by various members of the team including emma jasmine jan and gapele they were all very kind and caring and very professional luckily for me i was ready for discharge at the time of the corona virus i am now almost recovered able to walk steps each day i am very grateful for all the care from the community stroke team,Positive,0.32809523809523816
"I had the hometeam care after being in hospital.  They cheered me up each and every day.  Not only did they see to my morning ablutions their kindness made them seem more like my friends.  I want the lasses to know that I really appreciate them and am grateful for the care given to me.  To carry on doing what they are doing is so much appreciated especially during this lockdown, they sometimes are the only people us elderly see.  thank you very much",i had the hometeam care after being in hospital they cheered me up each and every day not only did they see to my morning ablutions their kindness made them seem more like my friends i want the lasses to know that i really appreciate them and am grateful for the care given to me to carry on doing what they are doing is so much appreciated especially during this lockdown they sometimes are the only people us elderly see thank you very much,Positive,0.1657142857142857
"Impossible to contact by phone. On the morning of Wednesday, the 20th of May, I tried to contact the surgery by phone in order to make an appointment to see a doctor about the pain I have in my leg. I tried from 8 am till around 1215, intermittently, to find that at all times the phone was engaged . No option of a queue to join, no option at all just engaged. Its not the first time Ive had this experience, it is always very difficult to obtain any contact with this  surgery by phone. Its just not acceptable. God help anybody with a genuine emergency. I dont believe this has anything to do with the Covid crisis, because its always been the same.",impossible to contact by phone on the morning of wednesday the th of may i tried to contact the surgery by phone in order to make an appointment to see a doctor about the pain i have in my leg i tried from am till around intermittently to find that at all times the phone was engaged no option of a queue to join no option at all just engaged its not the first time ive had this experience it is always very difficult to obtain any contact with this surgery by phone its just not acceptable god help anybody with a genuine emergency i dont believe this has anything to do with the covid crisis because its always been the same,Negative,-0.13333333333333333
"My dad was admitted to hospital with sickness (gastroenteritis) due to his diabetes, he was on the mend and was in a room with 2 confirmed positive coronavirus patients even though he was a high risk patient. About a week later my dad also tested positive for coronavirus. Five days after he tested positive he was sent home (he lives alone) not knowing if or when hell be tested again. When sending him home they asked my sister who stays with my two elderly grandparents and 10 year old sister to take him home! Which would of potentially put her at risk. I am left very upset and disappointed at the care my dad received whilst in this hospital.",my dad was admitted to hospital with sickness gastroenteritis due to his diabetes he was on the mend and was in a room with confirmed positive coronavirus patients even though he was a high risk patient about a week later my dad also tested positive for coronavirus five days after he tested positive he was sent home he lives alone not knowing if or when hell be tested again when sending him home they asked my sister who stays with my two elderly grandparents and year old sister to take him home which would of potentially put her at risk i am left very upset and disappointed at the care my dad received whilst in this hospital,Positive,0.05556818181818183
Six degrees has made me feel better in myself. I felt listened to. After my therapy session I would use the tools my therapist recommended and felt this helped. I know if I start to feel low again I can access the service.,six degrees has made me feel better in myself i felt listened to after my therapy session i would use the tools my therapist recommended and felt this helped i know if i start to feel low again i can access the service,Positive,0.25
"After a choking episode at home we called NHS24 for further advise about attending A&E with our 9 month old. NHS24 sent an ambulance to take us to A&E.The ambulance crew were very kind and helped put us at ease. I believe they were from the Inverurie station.At A&E we were looked after by student nurses and doctors who assessed and observed our little boy. We were referred to ENT who felt the best course was to be observed overnight in the surgical ward.When taken up to the surgical ward at 8pm we were greeted by the night staff. Staff nurse Gemma and student nurse Erin who were looking after us were very supportive and welcoming. The girls made sure my little boy had some dinner and I a coffee as we had not had anything since lunchtime.A big heartfelt thank you to all the staff on surgical ward, student nurses in A&E, ambulance crew and ENT team.",after a choking episode at home we called nhs for further advise about attending ae with our month old nhs sent an ambulance to take us to aethe ambulance crew were very kind and helped put us at ease i believe they were from the inverurie stationat ae we were looked after by student nurses and doctors who assessed and observed our little boy we were referred to ent who felt the best course was to be observed overnight in the surgical wardwhen taken up to the surgical ward at pm we were greeted by the night staff staff nurse gemma and student nurse erin who were looking after us were very supportive and welcoming the girls made sure my little boy had some dinner and i a coffee as we had not had anything since lunchtimea big heartfelt thank you to all the staff on surgical ward student nurses in ae ambulance crew and ent team,Positive,0.26549999999999996
I can honestly say I would recommend six degreesMy therapist really helped me. The sessions were really good and I started to feel better after the 3rd session but I went for the 4th for reassurance. Its nice to know I can come back to the service if I need to :),i can honestly say i would recommend six degreesmy therapist really helped me the sessions were really good and i started to feel better after the rd session but i went for the th for reassurance its nice to know i can come back to the service if i need to,Positive,0.43333333333333335
"My Grandmother had cancer and was in her final stages. We really wanted her son from Switzerland to come and spend some precious times with her before she slipped away peacefully.He was not keen in coming due to Covid-19 but once we said that the Consultant from St Luke\s Hospicehad given us a kit he was somewhat confident in coming andhe made use of this kit when he visited. This kit included personal protective equipment (aprons, gloves, face masks), hand sanitiser, mouth sponges and information for carers. His response, An effective and beneficial goody bag. To be honest, I think it is one of the best kits I have ever come across in terms of protection. It had everything to keep him safe from all of us. The kit was somewhat generous such as it had a big bottle of hand sanitiser. I think this kit really needs to be promoted not just to hospices but other sectors.Thank you for giving us this kit, it really helped us as a family.",my grandmother had cancer and was in her final stages we really wanted her son from switzerland to come and spend some precious times with her before she slipped away peacefullyhe was not keen in coming due to covid but once we said that the consultant from st lukes hospicehad given us a kit he was somewhat confident in coming andhe made use of this kit when he visited this kit included personal protective equipment aprons gloves face masks hand sanitiser mouth sponges and information for carers his response an effective and beneficial goody bag to be honest i think it is one of the best kits i have ever come across in terms of protection it had everything to keep him safe from all of us the kit was somewhat generous such as it had a big bottle of hand sanitiser i think this kit really needs to be promoted not just to hospices but other sectorsthank you for giving us this kit it really helped us as a family,Positive,0.26999999999999996
"Hi I phoned my gp surgery today. to request a phone consultation for my on-going reflux situation. Due to the circumstances with this covid-19. to which I was told to tell the receptionist my details as it is confidential. So I did. To which I was told a doctor would phone me back. I didnt wait long. I spoke to the doctor I told them that I have had enough of this, the tablets that I take are no longer working and that I need something now. we spoke more as I have had scope done but there was no follow up. I asked why and doctor says there wouldnt be 1 as there was nothing serious. I then say ok, I am glad as only just find out. Anyway, doctor says, that theres a new tablet I could have/take. sorry I forget name of it. in that they would send prescription to chemist today for me to pick up. I asked the doctor this. as I need something to help me now. I phoned chemist twice in gp surgery only to be told my prescription was still in tray by the receptionist. to which I replied thats no good in there. as I was told it would be in chemist today. by the doctor. I asked the receptionist to go ask doctor why they would tell me this if this not the case, only to be told I will need to wait till tomorrow as person at chemist told me it usually takes or could take 48hrs. Im not one for phoning my doctors all the time, but when I need help or advice and get misinformation that does not help. what if I needed this. right away? as well as being or having epilepsy. which I also have or had to ask every time I take any other tablets is it safe to do so. I feel Im a bother. a nobody that matters. embarrassed. in that Im begging for medication that I need. this is how I feel every time I have to phone my gp practise.",hi i phoned my gp surgery today to request a phone consultation for my ongoing reflux situation due to the circumstances with this covid to which i was told to tell the receptionist my details as it is confidential so i did to which i was told a doctor would phone me back i didnt wait long i spoke to the doctor i told them that i have had enough of this the tablets that i take are no longer working and that i need something now we spoke more as i have had scope done but there was no follow up i asked why and doctor says there wouldnt be as there was nothing serious i then say ok i am glad as only just find out anyway doctor says that theres a new tablet i could havetake sorry i forget name of it in that they would send prescription to chemist today for me to pick up i asked the doctor this as i need something to help me now i phoned chemist twice in gp surgery only to be told my prescription was still in tray by the receptionist to which i replied thats no good in there as i was told it would be in chemist today by the doctor i asked the receptionist to go ask doctor why they would tell me this if this not the case only to be told i will need to wait till tomorrow as person at chemist told me it usually takes or could take hrs im not one for phoning my doctors all the time but when i need help or advice and get misinformation that does not help what if i needed this right away as well as being or having epilepsy which i also have or had to ask every time i take any other tablets is it safe to do so i feel im a bother a nobody that matters embarrassed in that im begging for medication that i need this is how i feel every time i have to phone my gp practise,Positive,0.03826358826358826
"The staff is unreliable, referrals are frequently lost. Prescriptions are often forgotten. Appointments never run on time. And the doctors have limited social skills. I cannot recommend this Practice to anybody. I am not treated with respect. Is this what you really want from a GP practice? The private patients are clearly prioritised over the NHS patients. The wait times can be very long. Sometines, appointments are only 2 minutes before you are abruptly asked to leave.",the staff is unreliable referrals are frequently lost prescriptions are often forgotten appointments never run on time and the doctors have limited social skills i cannot recommend this practice to anybody i am not treated with respect is this what you really want from a gp practice the private patients are clearly prioritised over the nhs patients the wait times can be very long sometines appointments are only minutes before you are abruptly asked to leave,Positive,0.019100529100529104
"I would just like to thank all the staff involved in the Endoscopy Department of Kings Mill Hospital, my appointment today was part of my deferred surgical pathway for rectal cancer.In our new environment of the coronavirus epidemic, the staff at Kings Mill truly professional & caring in every aspect of my time at the hospital.Thank youPhil Peat",i would just like to thank all the staff involved in the endoscopy department of kings mill hospital my appointment today was part of my deferred surgical pathway for rectal cancerin our new environment of the coronavirus epidemic the staff at kings mill truly professional caring in every aspect of my time at the hospitalthank youphil peat,Positive,0.11818181818181818
"I visited the Practice today for a blood test. They have set up an excellent system whereby I was able to stay in my car and two nurses in protective clothing came out to take the blood. It was an excellent example of the care and consideration that my wife and I have come to expect from this superb Practice. We have been with them for fifty years and the Doctors, Nurses, Technical Staff and Administrators have always shown exemplary professionalism, and have always been prepared to go that extra mile to provide the personal service that is vital in medical care. During these difficult times they have been in touch to ensure that we have any necessary medicines, and we have had telephone conversations with nurses running clinics that we have been unable to attend. I can not praise them highly enough, and thank them profusely for the excellent care that they have provide for our family.",i visited the practice today for a blood test they have set up an excellent system whereby i was able to stay in my car and two nurses in protective clothing came out to take the blood it was an excellent example of the care and consideration that my wife and i have come to expect from this superb practice we have been with them for fifty years and the doctors nurses technical staff and administrators have always shown exemplary professionalism and have always been prepared to go that extra mile to provide the personal service that is vital in medical care during these difficult times they have been in touch to ensure that we have any necessary medicines and we have had telephone conversations with nurses running clinics that we have been unable to attend i can not praise them highly enough and thank them profusely for the excellent care that they have provide for our family,Positive,0.2571428571428572
Brilliant practice from doctors to nurses to receptionist all very professional so helpful considerate keep up the amazing work,brilliant practice from doctors to nurses to receptionist all very professional so helpful considerate keep up the amazing work,Positive,0.5433333333333333
"Our mother is on Docking Ward and today (20 May) is her 100th birthday.  A cake was organised her by the ward and we have been able to Facetime her. Thank you to all staff on the ward for your kind care of our much loved mother who has 5 children, 8 grandchildren and 8 great-grandchildren.  Thank you also to all staff at the hospital for working so hard in these difficult times.  We clap for you every Thursday and are so grateful to you all.",our mother is on docking ward and today may is her th birthday a cake was organised her by the ward and we have been able to facetime her thank you to all staff on the ward for your kind care of our much loved mother who has children grandchildren and greatgrandchildren thank you also to all staff at the hospital for working so hard in these difficult times we clap for you every thursday and are so grateful to you all,Positive,0.20166666666666666
"Many thanks to my sons GP and nurse who have helped us get to the bottom of an injury he sustained over the past few weeks. This has involved several telephone consultations  and some.face to face appointments. They have really gone above and beyond, have been incredibly responsive and respectful of our views on the matter to help us move forwards. We now have a clear treatment plan for him.  We appreciate the pressure staff are under at present so feel that the care received has been an example of particularly good practice given the current context. Thank you.",many thanks to my sons gp and nurse who have helped us get to the bottom of an injury he sustained over the past few weeks this has involved several telephone consultations and someface to face appointments they have really gone above and beyond have been incredibly responsive and respectful of our views on the matter to help us move forwards we now have a clear treatment plan for him we appreciate the pressure staff are under at present so feel that the care received has been an example of particularly good practice given the current context thank you,Positive,0.20384615384615387
i was well looked after by all the staff from when i went in to when my miner op was finished iwould like to thank all staff on endoscopic department for looking after me,i was well looked after by all the staff from when i went in to when my miner op was finished iwould like to thank all staff on endoscopic department for looking after me,Neutral,0.0
"To everyone at queens, I cannot thank you all enough for the care my nan has received over the last few weeks, she went in to QUEENS hospital in need of emergency bowel surgery (right in the middle of a pandemic) we as a family can not praise you enough, I received calls at every stage of her care, I.E before she went into surgery, when she came out and any changes in her situation, unfortunately my Nan was extremely weak and very very poorly and was taken into intensive care (high dependency unit) where she changed from stable to critical condition quite rapidly, we received calls every single day and sometimes more,  keeping us continually updated in any changes and development she made. We are now on day 10 of my nan being in intensive care and she has made amazing progress thanks to all the fantastic staff! Today the nurses even done a zoom call so I was able to talk to my nan as she started to wake up. It has absolutely made my whole day and really reassuring at this scary time. This team have gone above and beyond for our family and the care my nan has received has been exceptional. From the bottom of my heart, THANK YOU! You are true heros!",to everyone at queens i cannot thank you all enough for the care my nan has received over the last few weeks she went in to queens hospital in need of emergency bowel surgery right in the middle of a pandemic we as a family can not praise you enough i received calls at every stage of her care ie before she went into surgery when she came out and any changes in her situation unfortunately my nan was extremely weak and very very poorly and was taken into intensive care high dependency unit where she changed from stable to critical condition quite rapidly we received calls every single day and sometimes more keeping us continually updated in any changes and development she made we are now on day of my nan being in intensive care and she has made amazing progress thanks to all the fantastic staff today the nurses even done a zoom call so i was able to talk to my nan as she started to wake up it has absolutely made my whole day and really reassuring at this scary time this team have gone above and beyond for our family and the care my nan has received has been exceptional from the bottom of my heart thank you you are true heros,Positive,0.0873313492063492
Best surgery in Luton. The reception staff are friendly and helpful every time I have spoken to them on the phone they really do try to help in any way even if I have been late ringing in they tell you where to go or who to speak to for help. I have seen two doctors there and both were brilliant really listened to the problems I had not trying to get me out of the room as quickly as possible. Great service,best surgery in luton the reception staff are friendly and helpful every time i have spoken to them on the phone they really do try to help in any way even if i have been late ringing in they tell you where to go or who to speak to for help i have seen two doctors there and both were brilliant really listened to the problems i had not trying to get me out of the room as quickly as possible great service,Positive,0.396875
"Asked for a call back which I received that day. Triage member was very good, listened , discussed and made referrals as needed. Excellent",asked for a call back which i received that day triage member was very good listened discussed and made referrals as needed excellent,Positive,0.6366666666666666
They always respond to the phone and booking online works just fine. Texting all details back is really helping a lot,they always respond to the phone and booking online works just fine texting all details back is really helping a lot,Positive,0.20555555555555557
"I have in the past had cause to complain both verbally and written about Hall Green Health, however i feel i must congratulate the whole team on turning the surgery into the caring, supportive and helpful doctors surgery that we all have access to! You all do an amazing job with extremely quick responses to my online queries ( 2 in the past 8 weeks) even during COVID 19. I would have no hesitation in recommending this surgery, its fabulous. Stay safe everyone, I appreciate everything you do for us patients.",i have in the past had cause to complain both verbally and written about hall green health however i feel i must congratulate the whole team on turning the surgery into the caring supportive and helpful doctors surgery that we all have access to you all do an amazing job with extremely quick responses to my online queries in the past weeks even during covid i would have no hesitation in recommending this surgery its fabulous stay safe everyone i appreciate everything you do for us patients,Positive,0.20370370370370372
"This surgery is a joke, you can never get an appointment. My doctor said I was booked in for a physiotherapy session at Pinderfields for my back but I still havent heard back and it has been absolute months now, and on my last visit a few month a go, the GP I saw was extremely rude, despite my clear instructions that she simply didnt stick to. Will be regestering elsewhere.",this surgery is a joke you can never get an appointment my doctor said i was booked in for a physiotherapy session at pinderfields for my back but i still havent heard back and it has been absolute months now and on my last visit a few month a go the gp i saw was extremely rude despite my clear instructions that she simply didnt stick to will be regestering elsewhere,Negative,-0.024999999999999994
"I was recently admitted to ward A22 with a suspected stroke.From my admittance to my discharged everything was handled in a very professional and cordial manner. Al the nurses in ward A22 treated me with utmost respect which makes you feel at home and very comfortable they clearly love their job.No patient could fault the care you receive in ward A22. the the Dr, Nurses and the dinner staff are fantastic. A double AA+ from me, a well organised team, a credit to Forth Valley Hospital.",i was recently admitted to ward a with a suspected strokefrom my admittance to my discharged everything was handled in a very professional and cordial manner al the nurses in ward a treated me with utmost respect which makes you feel at home and very comfortable they clearly love their jobno patient could fault the care you receive in ward a the the dr nurses and the dinner staff are fantastic a double aa from me a well organised team a credit to forth valley hospital,Positive,0.2583333333333333
"I needed an online consultation, called the surgery was given instructions what i had to complete to avoid coming into surgery and a telephone consultation would be arranged ..Absolutely brilliant service especially as i am currently shielding",i needed an online consultation called the surgery was given instructions what i had to complete to avoid coming into surgery and a telephone consultation would be arranged absolutely brilliant service especially as i am currently shielding,Positive,0.3333333333333333
"I would like to thank you for the care my elderly father received during his final few days before passing away earlier this month in Ward 5, Wexham Park Hospital.  We were obviously unable to visit but we talked with him frequently and he spoke about the great care he was receiving and kindness of the staff.  We spoke daily with the doctors/nurses looking after him and they were happy to provide updates on his condition without us feeling rushed.  When his condition deteriorated we were allowed to visit him, which turned out to be the day before he passed away and all the staff on the ward, including physios and orderlies, seemed to be aware we were coming in, helping us with our masks etc, and left us undisturbed to spend time with our Dad.  This meant so much to us.  We are extremely grateful for the professionalism, respect and kindness he received by all the staff.  An excellent representation of the NHS.",i would like to thank you for the care my elderly father received during his final few days before passing away earlier this month in ward wexham park hospital we were obviously unable to visit but we talked with him frequently and he spoke about the great care he was receiving and kindness of the staff we spoke daily with the doctorsnurses looking after him and they were happy to provide updates on his condition without us feeling rushed when his condition deteriorated we were allowed to visit him which turned out to be the day before he passed away and all the staff on the ward including physios and orderlies seemed to be aware we were coming in helping us with our masks etc and left us undisturbed to spend time with our dad this meant so much to us we are extremely grateful for the professionalism respect and kindness he received by all the staff an excellent representation of the nhs,Positive,0.17884615384615385
I had my styloid bone removed and the care and professionalism of all staff involved was nothing short of amazing. I have recovered with no issues relating to the surgery. I was kept fully briefed on any problems that might occur but thankfully never did.,i had my styloid bone removed and the care and professionalism of all staff involved was nothing short of amazing i have recovered with no issues relating to the surgery i was kept fully briefed on any problems that might occur but thankfully never did,Positive,0.30000000000000004
"My Partner had some tests for which he was told negative, no further action for which after making a subject access request collected copies of the results today. After looking at the results it stated some scanty growth of culture. He phoned the surgery today around 12.30 to get some clarification as to whether he did need treatment or if this was insignificant the reason being as Im nearly 12 weeks pregnant and anything relevant could affect me. He spoke to a receptionist who was being quite difficult in answering his questions about the results and said she couldnt see or read anything and the results he was reading from cant have been from the surgery - my other halfExplained he just collected the print outs from the surgery! I tried to explain it clearer to the receptionist to which she said she cant discuss it with me for which my other half then gave permission to talk to me but she still refused to listen. My other half then kindly suggested could he speak to a Dr - receptionist said fully booked and phone tomorrow. I asked about being fully booked when its only telephone consultations at the moment and explained we were extremely anxiously about getting clarity if there was an infection there as I was pregnant. She said try after 2 for a cancellation. I asked to talk to a manager when she said no manager in, I said is there a more senior person there she said no. My other half then asked to talk to Another receptionist we were more familiar with and she then cut me off and ended the call to which I was disgraced at. When we called the surgery back The receptionist who we knew answered and we explained everything from scratch and She arranged within 15 minutes for a Dr to call which they did.The other concern we had was out of the two test results the first one had to be repeated as the original dr said sample was unlabelled - even though we was adamant we had labelled it fully, then the second results came back negative. When speaking to a Dr today we was told first results showed scanty culture and second was okay. So was we originally told by the first dr it was unlabelled when really something showed up ? We are none the wiser as we did not receive both results as part of our subject access request even though we asked for copies of ALL results. As a person who works in general practice I was very shocked with the attitude and vagueness we experienced and was so mad when I was hung up on! That is not something a receptionist should do. I know someone else has told me the receptionist put the phone down on her too recently and wonder if it is the same person???",my partner had some tests for which he was told negative no further action for which after making a subject access request collected copies of the results today after looking at the results it stated some scanty growth of culture he phoned the surgery today around to get some clarification as to whether he did need treatment or if this was insignificant the reason being as im nearly weeks pregnant and anything relevant could affect me he spoke to a receptionist who was being quite difficult in answering his questions about the results and said she couldnt see or read anything and the results he was reading from cant have been from the surgery my other halfexplained he just collected the print outs from the surgery i tried to explain it clearer to the receptionist to which she said she cant discuss it with me for which my other half then gave permission to talk to me but she still refused to listen my other half then kindly suggested could he speak to a dr receptionist said fully booked and phone tomorrow i asked about being fully booked when its only telephone consultations at the moment and explained we were extremely anxiously about getting clarity if there was an infection there as i was pregnant she said try after for a cancellation i asked to talk to a manager when she said no manager in i said is there a more senior person there she said no my other half then asked to talk to another receptionist we were more familiar with and she then cut me off and ended the call to which i was disgraced at when we called the surgery back the receptionist who we knew answered and we explained everything from scratch and she arranged within minutes for a dr to call which they didthe other concern we had was out of the two test results the first one had to be repeated as the original dr said sample was unlabelled even though we was adamant we had labelled it fully then the second results came back negative when speaking to a dr today we was told first results showed scanty culture and second was okay so was we originally told by the first dr it was unlabelled when really something showed up we are none the wiser as we did not receive both results as part of our subject access request even though we asked for copies of all results as a person who works in general practice i was very shocked with the attitude and vagueness we experienced and was so mad when i was hung up on that is not something a receptionist should do i know someone else has told me the receptionist put the phone down on her too recently and wonder if it is the same person,Positive,0.043017676767676774
"I cannot thank this team enough. I was left in so much pain with infection and swelling from a failed wisdom tooth extraction by my Dentist. The Dentist would not see me during Covid-19, when the swelling was nearing blocking my airway I went to A & E who referred my to the Max Fax team.  I got an appointment straight away and the Dr removed the rest of the tooth and root.  She took a biopsy to see if I had oral cancer.  It was a bloody procedure that required stitches.  All the team were extremely professional in administrating the care I needed. I will always be truly grateful to the team for being such brave and caring front line workers.",i cannot thank this team enough i was left in so much pain with infection and swelling from a failed wisdom tooth extraction by my dentist the dentist would not see me during covid when the swelling was nearing blocking my airway i went to a e who referred my to the max fax team i got an appointment straight away and the dr removed the rest of the tooth and root she took a biopsy to see if i had oral cancer it was a bloody procedure that required stitches all the team were extremely professional in administrating the care i needed i will always be truly grateful to the team for being such brave and caring front line workers,Neutral,0.0
"Sarah and Sidika have been a huge help for our dying mother.  They were very kind, gentle, professional and treated her with dignity and respect.  We have been extremely lucky to have such fantastic help.",sarah and sidika have been a huge help for our dying mother they were very kind gentle professional and treated her with dignity and respect we have been extremely lucky to have such fantastic help,Positive,0.3161904761904762
"I had my little boy last summer and have never gotten around to thanking everyone who looked after us both.I opted to deliver in the midwives unit at AMH and was booked in for induction at T+12. I received excellent care from my community midwife Sandra throughout my pregnancy and was scanned at T+7 to check on my babys growth and amniotic levels.With each day over my due date, I felt more apprehensive as I was so overdue and no guarantee when I would be admitted for induction (the process being you were phoned as soon as a spaced became available and T+12 being the earliest date due to being low risk).I naturally went into labour early that morning and attended the assessment unit when my contractions were every 3-5 minutes. Unfortunately I was still in early labour and was sent home. After a few more hours at home I felt I wasnt coping with my labour pains and contractions were less than every 3 minutes so we headed back in. Again I was still in early labour but the midwives reassured me I would not be sent home again. I was offered pain relief and we hired a tens machine. As my labour intensified I was given gas and air (my preference for pain relief) and a swiss ball. My baby was back to back despite my best efforts in the lead up to my due date.I was transferred to labour ward around teatime meeting the day staff. Unfortunately the midwives unit was full. My labour was still slow to progress and my waters were broken to help speed things along. I became hysterical as my waters were stained with meconium (baby had pooped), a sign of foetal distress which I was all too familiar with as a health worker. My baby was monitoring well and the staff tried to put me at ease that this is quite common when babies are over due.I had Senior charge midwife Jenny and staff midwife Michaela looking after me on the night shift who were absolutely amazing. Itwas decided the best thing for me was to have an epidural and hormonal drip as my cervix was swollen, slowing dilation and needed a chance to catch up. I hadnt been keen for an epidural but my birth plan was go with the flow. I am so grateful to Jenny for being to the point with me and helping me agree to an epidural. Once the epidural was in place (big thank you to the anaesthetist!) I was able to think rationally whilst continuing with gas and air. I got some respite between contractions, my labour progressed and I delivered my baby naturally.The only feedback I have is that the seating for birthing partners in labour ward was limited and uncomfortable, and the waiting times/admission for induction process. A chair with arms for my husband and my mum who were my birthing partners to get some rest would have been amazing. They had a hard seat with no arms so were unable to get any rest for 20+ hours.Around my due date there was an exceptionally long wait time for induction which cant be helped. The process for being admitted for induction amplified my anxiety. I felt very fortunate to have gone into labour without induction as waiting would have taken me even further beyond my due date.I cant put into words the appreciation I have for all the care I received throughout my pregnancy.I will especially remember all the kindness and support from Michaela and Jenny. So much love for you guys! And again thank you all for everything.",i had my little boy last summer and have never gotten around to thanking everyone who looked after us bothi opted to deliver in the midwives unit at amh and was booked in for induction at t i received excellent care from my community midwife sandra throughout my pregnancy and was scanned at t to check on my babys growth and amniotic levelswith each day over my due date i felt more apprehensive as i was so overdue and no guarantee when i would be admitted for induction the process being you were phoned as soon as a spaced became available and t being the earliest date due to being low riski naturally went into labour early that morning and attended the assessment unit when my contractions were every minutes unfortunately i was still in early labour and was sent home after a few more hours at home i felt i wasnt coping with my labour pains and contractions were less than every minutes so we headed back in again i was still in early labour but the midwives reassured me i would not be sent home again i was offered pain relief and we hired a tens machine as my labour intensified i was given gas and air my preference for pain relief and a swiss ball my baby was back to back despite my best efforts in the lead up to my due datei was transferred to labour ward around teatime meeting the day staff unfortunately the midwives unit was full my labour was still slow to progress and my waters were broken to help speed things along i became hysterical as my waters were stained with meconium baby had pooped a sign of foetal distress which i was all too familiar with as a health worker my baby was monitoring well and the staff tried to put me at ease that this is quite common when babies are over duei had senior charge midwife jenny and staff midwife michaela looking after me on the night shift who were absolutely amazing itwas decided the best thing for me was to have an epidural and hormonal drip as my cervix was swollen slowing dilation and needed a chance to catch up i hadnt been keen for an epidural but my birth plan was go with the flow i am so grateful to jenny for being to the point with me and helping me agree to an epidural once the epidural was in place big thank you to the anaesthetist i was able to think rationally whilst continuing with gas and air i got some respite between contractions my labour progressed and i delivered my baby naturallythe only feedback i have is that the seating for birthing partners in labour ward was limited and uncomfortable and the waiting timesadmission for induction process a chair with arms for my husband and my mum who were my birthing partners to get some rest would have been amazing they had a hard seat with no arms so were unable to get any rest for hoursaround my due date there was an exceptionally long wait time for induction which cant be helped the process for being admitted for induction amplified my anxiety i felt very fortunate to have gone into labour without induction as waiting would have taken me even further beyond my due datei cant put into words the appreciation i have for all the care i received throughout my pregnancyi will especially remember all the kindness and support from michaela and jenny so much love for you guys and again thank you all for everything,Positive,0.05894973544973547
All of the staff/team that I met were amazing. They helped with my anxieties over covid as my husband is shielding. They understood my concerns and put me at ease. During my procedure the doctor and nurse were really comforting and explained the process clearly. They were a very good team.,all of the staffteam that i met were amazing they helped with my anxieties over covid as my husband is shielding they understood my concerns and put me at ease during my procedure the doctor and nurse were really comforting and explained the process clearly they were a very good team,Positive,0.4525
"I have had treatment for anemia ( blood tests and transfusion) and received excellent quick response and care ,and I cannot thank the nurses and reception enough ,especially at this difficult time for them ,I also had infusions on ward 20 which is also excellent, I highly recommend anyone to attend  thank you",i have had treatment for anemia blood tests and transfusion and received excellent quick response and care and i cannot thank the nurses and reception enough especially at this difficult time for them i also had infusions on ward which is also excellent i highly recommend anyone to attend thank you,Positive,0.2847619047619047
"I was taken into Southport hospital last week with Corona-19 virus symptoms (I have a long history of mental illness). I was sobbing with fear. Ambulance arrived within ten minutes and the team were caring and understanding. A& E department was like being in Heavens waiting room; I immediately felt calm and cared for. Everyone was rushed off their feet as usual, but that didnt prevent the nurses, doctors, admin etc. making me feel special. I was advised to stay in overnight until results came and was taken to ward 15A, Again, the love and care I received was excellent. I cannot praise them high enough. Being taken in during day I only had day clothes on. I was given a nightie, slippers and full toiletries. All patients are offered a menu with choice of meals. Food was nicely presented and tasted fine. My results arrived negative. Hooray.  I stayed in three nights. God bless cleaners, chefs, kitchen staff, ambulance drivers/staff, care workers, nurses and doctors etc. *Occasionally an alien wearing a white space suit came to check on me. When I looked into their eyes I saw they were angels in disguise*.",i was taken into southport hospital last week with corona virus symptoms i have a long history of mental illness i was sobbing with fear ambulance arrived within ten minutes and the team were caring and understanding a e department was like being in heavens waiting room i immediately felt calm and cared for everyone was rushed off their feet as usual but that didnt prevent the nurses doctors admin etc making me feel special i was advised to stay in overnight until results came and was taken to ward a again the love and care i received was excellent i cannot praise them high enough being taken in during day i only had day clothes on i was given a nightie slippers and full toiletries all patients are offered a menu with choice of meals food was nicely presented and tasted fine my results arrived negative hooray i stayed in three nights god bless cleaners chefs kitchen staff ambulance driversstaff care workers nurses and doctors etc occasionally an alien wearing a white space suit came to check on me when i looked into their eyes i saw they were angels in disguise,Positive,0.15187830687830686
"Went to A&E with breathlessness and had an ECG,blood test, X-Ray and intravenous antibiotic all within 3 hours. Feel great now. Excellent service.",went to ae with breathlessness and had an ecgblood test xray and intravenous antibiotic all within hours feel great now excellent service,Positive,0.9
I attended my regular appointment for my eye injection for macular degeneration. The procedure was excellent with regard to the difficult situation the hospital faces. My visit this morning was first class and I would just like to express a big thankyou to all staff.,i attended my regular appointment for my eye injection for macular degeneration the procedure was excellent with regard to the difficult situation the hospital faces my visit this morning was first class and i would just like to express a big thankyou to all staff,Positive,0.15
"I was admitted to Ty Llidiard in 2018 and was there under section 3 MHA for 4 months. I was treated for anorexia, anxiety with OCD tendencies and depression, and was heavily self harming at the time. Upon arrival I wasnt told about the rules especially the rules about rest. Some of the staff were extremely rude towards me and during my admission I had a very bad experience with a certain staff member. They told me that I was just jealous of other people, that I was attention seeking and commented on my weight, bear in mind I was severely underweight and being treated for an ED. This person restrained me many times for feeds and when I told them it was too much and that I was in pain, they would ignore me and I had large bruises afterwards that staff said were just because I was underweight. The staff didnt check up on patients as much as they should and I was able to engage in anorexic behaviours and attempt suicide whilst on the ward, meaning that the staff were not doing their jobs properly. However, the were staff who were very supportive and helpful including my Key workers and some of the nursing assistants. They saved my life and Im forever thankful for that. My psychiatrist was very helpful and I am very thankful for everything that he did. Overall there are many things that the staff can do to improve to help the patients.",i was admitted to ty llidiard in and was there under section mha for months i was treated for anorexia anxiety with ocd tendencies and depression and was heavily self harming at the time upon arrival i wasnt told about the rules especially the rules about rest some of the staff were extremely rude towards me and during my admission i had a very bad experience with a certain staff member they told me that i was just jealous of other people that i was attention seeking and commented on my weight bear in mind i was severely underweight and being treated for an ed this person restrained me many times for feeds and when i told them it was too much and that i was in pain they would ignore me and i had large bruises afterwards that staff said were just because i was underweight the staff didnt check up on patients as much as they should and i was able to engage in anorexic behaviours and attempt suicide whilst on the ward meaning that the staff were not doing their jobs properly however the were staff who were very supportive and helpful including my key workers and some of the nursing assistants they saved my life and im forever thankful for that my psychiatrist was very helpful and i am very thankful for everything that he did overall there are many things that the staff can do to improve to help the patients,Positive,0.10242063492063493
"My dad who had Alzheimer\s Dementia was admitted to AMU of Solihull Hospital in March after a neighbor complained about him and for some reason the police called paramedics. The staff in AMU were lovely. However he was transferred to ward 20B later on that night where things changed.Although some staff on the ward were lovely, the very next day nurses accused my dad of being aggressive on them trying to wash him.It was made clear to them on his admission that he would never go to the hospital, doctors or dentist; he was terrified of them, and he also wouldn\t allow washes so they should have known this.He wouldn\t allow a lady to wash him anyway. It\s his dignity. He would say to me about me seeing a doctor a man for a man; a woman for a woman.He would even look for me at home like a child looking for their mother to make sure I was still there with him, and no one was even offered by staff to stay with him and at night I would usually have to comfort him at home as he thought the bed was going to kill him frightened and he was in hospital all alone with people he didn\t even know. It must have been very traumatic for him there.He should have just came home with me. If he had a slight infection, which was diagnosed by paramedics, I could have treated it as I always did. He should have just had a permanent catheter fitted (due to big stones he\d had in his bladder for some years) and then come with me but instead they made him stay there.Anyway on my arrival a nurse spoke to me terribly so I felt my dad wasn\t being respected.He kept being chemically restrained with sedation (causing him to have low blood pressure and fast heart) and given antipsychotics both against family\s wishes, from then onwards just for walking around and it seemed like them wanting to control him, claiming he was giving them an headache and thus he was missing meals and drinks because of it. But also it was being done even when no doctor was prescribing it.My dad had a drip fitted as he was slightly dehydrated yet the doctor removed it and refused to fit it back up as he told us that we wont force him to have something done that he doesn\t want done, however as I was stressed and worried about my dad being left at the hospital I didn\t think clearly at the time to tell them everything.As time went by my dad was allocated some carers, a night one which seemed really nice, then two others mainly on during the day, which pushed him about and then the one carer he had more often and they kept throwing my dad\s sandwiches away I was buying him and showing a great disregard towards my dad\s feelings and needs and even intimidating his visitors. Thy kept lowering his voice, almost in a whisper, to me and my sister saying -he should be medicated if the man in the next bed was your father you would care. And saying comments about how, he will fall down keep walking around and behaving in an intimidating way to us on our visits.Before the hospital went in lockdown I hadn\t noticed my dad being given any food at all by any staff member, this was after he started to walk around eating sandwiches a kind nurse from another ward initiated to get him to eat, for some reason I could no longer see any food coming to him days before their lockdown, and I cried to my mom over the phone really worried about him, for him to be got out of the hospital however he ended up staying in there, with this carer in charge, and was discharged nearly 6 days later after their lockdown, almost 3 weeks stay in hospital, staff claiming he was fit to go.To me he seemed very poorly, having severe dehydration and malnutrition, clearly not being fed after their lockdown, dying. They may have on their records he was fed as it was written down wrong at least once before when I was visiting him and I had to correct a member of staff about it because they said he\d ate more than he had which I only realised when she came around to check his meal book. My brother who collected him even said he tried to drink a antibacterial handgel from the bottom of someone\s bed because of his thirst.He sadly passed away at the beginning of April. He did not deserve such treatment and was kind to everyone outside of hospital, he would never hurt anyone. He will sadly be missed by everyone, friends and family, including those around Shirley, as many loved him.",my dad who had alzheimers dementia was admitted to amu of solihull hospital in march after a neighbor complained about him and for some reason the police called paramedics the staff in amu were lovely however he was transferred to ward b later on that night where things changedalthough some staff on the ward were lovely the very next day nurses accused my dad of being aggressive on them trying to wash himit was made clear to them on his admission that he would never go to the hospital doctors or dentist he was terrified of them and he also wouldnt allow washes so they should have known thishe wouldnt allow a lady to wash him anyway its his dignity he would say to me about me seeing a doctor a man for a man a woman for a womanhe would even look for me at home like a child looking for their mother to make sure i was still there with him and no one was even offered by staff to stay with him and at night i would usually have to comfort him at home as he thought the bed was going to kill him frightened and he was in hospital all alone with people he didnt even know it must have been very traumatic for him therehe should have just came home with me if he had a slight infection which was diagnosed by paramedics i could have treated it as i always did he should have just had a permanent catheter fitted due to big stones hed had in his bladder for some years and then come with me but instead they made him stay thereanyway on my arrival a nurse spoke to me terribly so i felt my dad wasnt being respectedhe kept being chemically restrained with sedation causing him to have low blood pressure and fast heart and given antipsychotics both against familys wishes from then onwards just for walking around and it seemed like them wanting to control him claiming he was giving them an headache and thus he was missing meals and drinks because of it but also it was being done even when no doctor was prescribing itmy dad had a drip fitted as he was slightly dehydrated yet the doctor removed it and refused to fit it back up as he told us that we wont force him to have something done that he doesnt want done however as i was stressed and worried about my dad being left at the hospital i didnt think clearly at the time to tell them everythingas time went by my dad was allocated some carers a night one which seemed really nice then two others mainly on during the day which pushed him about and then the one carer he had more often and they kept throwing my dads sandwiches away i was buying him and showing a great disregard towards my dads feelings and needs and even intimidating his visitors thy kept lowering his voice almost in a whisper to me and my sister saying he should be medicated if the man in the next bed was your father you would care and saying comments about how he will fall down keep walking around and behaving in an intimidating way to us on our visitsbefore the hospital went in lockdown i hadnt noticed my dad being given any food at all by any staff member this was after he started to walk around eating sandwiches a kind nurse from another ward initiated to get him to eat for some reason i could no longer see any food coming to him days before their lockdown and i cried to my mom over the phone really worried about him for him to be got out of the hospital however he ended up staying in there with this carer in charge and was discharged nearly days later after their lockdown almost weeks stay in hospital staff claiming he was fit to goto me he seemed very poorly having severe dehydration and malnutrition clearly not being fed after their lockdown dying they may have on their records he was fed as it was written down wrong at least once before when i was visiting him and i had to correct a member of staff about it because they said hed ate more than he had which i only realised when she came around to check his meal book my brother who collected him even said he tried to drink a antibacterial handgel from the bottom of someones bed because of his thirsthe sadly passed away at the beginning of april he did not deserve such treatment and was kind to everyone outside of hospital he would never hurt anyone he will sadly be missed by everyone friends and family including those around shirley as many loved him,Positive,0.07124396135265702
Written communication was goodIt made me feel comfortableNothing could have made it better,written communication was goodit made me feel comfortablenothing could have made it better,Positive,0.5
"Admitted last Sunday with a minor stroke and left Tuesday after fantastic care and support. I though the hospitals arrangements to protect staff and patients against Covid was excellent. Received excellent treatment Throughout, especially on acute stroke ward.My thanks to everyone. You are true heroes in these difficult times.",admitted last sunday with a minor stroke and left tuesday after fantastic care and support i though the hospitals arrangements to protect staff and patients against covid was excellent received excellent treatment throughout especially on acute stroke wardmy thanks to everyone you are true heroes in these difficult times,Positive,0.34
"im very happy with my practice, receptionists are very kind and doctors very beneficial. my only concern is numbers of patients because it can be really really busy . overall i am very in love with my practice",im very happy with my practice receptionists are very kind and doctors very beneficial my only concern is numbers of patients because it can be really really busy overall i am very in love with my practice,Positive,0.39
Amazing service. NHS is soooooo great and Binfeld has been super helpful. I called for a phone appointment and they called right back. Very kind and caring staff. Thank you,amazing service nhs is soooooo great and binfeld has been super helpful i called for a phone appointment and they called right back very kind and caring staff thank you,Positive,0.46650793650793654
With someone already suffering from anxiety and depression sadly this practice doesnt seem to care about people. Very rude staff and always unwilling to help or consider how people are feeling yet they state.... they care! They really dont Doctors should be there to support one through difficult times not make them worse yet every time I have to speak to this practice I end up feeling even worse than before.They say they are here to help but when u need help there is no one to speak to and if u ask to speak to a doctor you wont .... youll speak to someone else that is not a doctor and cant really help!Its sad that I have to resort to this kind of feedback as doctors and surgerys are supposed to be helpful and caring ... this surgery does not practice that theory. Your just a number If u want to make a change then my advice Would be to be to start caring about people as thats what your job is supposed to be.I dont usually write reviews but I feel this information is helpful to anyone that wants to join this practice. If u want to feel that your cared about as a person and not just a number then maybe choose a different practiceExtremely unsatisfied and I will also be taking this matter further as its not the right to treat people this way. I may have an nhs id number but Im also still a person with feelings.,with someone already suffering from anxiety and depression sadly this practice doesnt seem to care about people very rude staff and always unwilling to help or consider how people are feeling yet they state they care they really dont doctors should be there to support one through difficult times not make them worse yet every time i have to speak to this practice i end up feeling even worse than beforethey say they are here to help but when u need help there is no one to speak to and if u ask to speak to a doctor you wont youll speak to someone else that is not a doctor and cant really helpits sad that i have to resort to this kind of feedback as doctors and surgerys are supposed to be helpful and caring this surgery does not practice that theory your just a number if u want to make a change then my advice would be to be to start caring about people as thats what your job is supposed to bei dont usually write reviews but i feel this information is helpful to anyone that wants to join this practice if u want to feel that your cared about as a person and not just a number then maybe choose a different practiceextremely unsatisfied and i will also be taking this matter further as its not the right to treat people this way i may have an nhs id number but im also still a person with feelings,Negative,-0.10387755102040816
"The practice have been nothing short of remarkable when it has come to my health and wellbeing. The reception staff are professional and helpful, and I always feel like my concerns are taking seriously. I have found all medical staff approachable, with one particular female GP going the extra mile. The surgery hosts a number of different services, which avoids going into the City Centre, and is always clean and pleasant. It is the best medical care I have ever received from a GP practice.",the practice have been nothing short of remarkable when it has come to my health and wellbeing the reception staff are professional and helpful and i always feel like my concerns are taking seriously i have found all medical staff approachable with one particular female gp going the extra mile the surgery hosts a number of different services which avoids going into the city centre and is always clean and pleasant it is the best medical care i have ever received from a gp practice,Positive,0.2141025641025641
Today I contacted Pegswood surgery as I was having trouble ordering my husbands medication on line The young lady I spoke to was unbelievably patient with me I am not good with IT and she took me through every step without making me feel stupid or ignorant She was professional and treated me with respect thank you,today i contacted pegswood surgery as i was having trouble ordering my husbands medication on line the young lady i spoke to was unbelievably patient with me i am not good with it and she took me through every step without making me feel stupid or ignorant she was professional and treated me with respect thank you,Negative,-0.2333333333333333
"I recently spent 4 days in the Pembroke Ward recovering after undergoing a catheter procedure.  I would like to praise the nurses on that ward for taking such good and professional care of me and it\s quite clear that they all work so hard whilst on their shifts.  I would also like to single out one nurse in particular, Elizabeth.  This lovely lady has a soft spoken but very reassuring tone to her voice.  Elizabeth was always there to listen and was very proactive in that she would stop by just to make sure I was comfortable and didn\t require anything else several times during her shift.  I would like her outstanding professionalism to be recognized by the Hospital.",i recently spent days in the pembroke ward recovering after undergoing a catheter procedure i would like to praise the nurses on that ward for taking such good and professional care of me and its quite clear that they all work so hard whilst on their shifts i would also like to single out one nurse in particular elizabeth this lovely lady has a soft spoken but very reassuring tone to her voice elizabeth was always there to listen and was very proactive in that she would stop by just to make sure i was comfortable and didnt require anything else several times during her shift i would like her outstanding professionalism to be recognized by the hospital,Positive,0.18772321428571428
Would just like to say how helpful everyone is that work at this surgery. Had a telephone appointment with one of your nurses on 19th may at 9.30am and cant tell you how much she put my mind at ease. Cant praise your surgery enough . I urge If anyone needs advice please contact the team they really put your mind at ease dont suffer in these difficult times . Thank you again stay well  Kerry Marsh,would just like to say how helpful everyone is that work at this surgery had a telephone appointment with one of your nurses on th may at am and cant tell you how much she put my mind at ease cant praise your surgery enough i urge if anyone needs advice please contact the team they really put your mind at ease dont suffer in these difficult times thank you again stay well kerry marsh,Negative,-0.024999999999999994
"Ive always had good experiences with Lavant Road Surgery, the doctors are thorough and the receptionists are patient... during the pandemic Ive tried to stay away to lighten the load when Ive had concerns but when my son eventually needed treatment the Doctor we saw was so incredibly thorough and caring, talking me through everything and reassuring me which has been so important given current circumstances. Thank you for your continued work and support during lockdown! I am so grateful and so is my little man!! :)",ive always had good experiences with lavant road surgery the doctors are thorough and the receptionists are patient during the pandemic ive tried to stay away to lighten the load when ive had concerns but when my son eventually needed treatment the doctor we saw was so incredibly thorough and caring talking me through everything and reassuring me which has been so important given current circumstances thank you for your continued work and support during lockdown i am so grateful and so is my little man,Positive,0.3625
Every time I need to make an appointment or emergency one they provide it or try they level best to get me one. From the doctors to the receptionist all are very patient driven and care and make you feel at ease and put they patient as priority. They take time and interest in what is the problem and get to solution. I would recommend this surgery and people should give back feedback as this surgery is only getting better each time I visit even at this current time over the phone as well. I would like to thank the doctor and staff there for doing the great job and in current situation thank u for still putting us first.,every time i need to make an appointment or emergency one they provide it or try they level best to get me one from the doctors to the receptionist all are very patient driven and care and make you feel at ease and put they patient as priority they take time and interest in what is the problem and get to solution i would recommend this surgery and people should give back feedback as this surgery is only getting better each time i visit even at this current time over the phone as well i would like to thank the doctor and staff there for doing the great job and in current situation thank u for still putting us first,Positive,0.3055555555555556
I called today to ask some questions to find all previous GPS gone and name changed etc. Asked why no information to patients told I should have been called????But I find no appointments for a week thats not changed!!I await to see improvement of it comes.,i called today to ask some questions to find all previous gps gone and name changed etc asked why no information to patients told i should have been calledbut i find no appointments for a week thats not changedi await to see improvement of it comes,Negative,-0.16666666666666666
"Been on the waiting list for years. No support in place. Left out on a limb. Sink or swim. Struggling alone. No one been in touch. I last rang to be told the service has now moved, but there is a physchology person taking calls, but was unavailable to take my call. I stopped trying to contact after my third attempt with this person whoever it is. I had not been informed of any change or location changes. Am I worth support? Clearly not in this service\s opinion, regardless of being on a waiting list for years, with the story of severe lack of professionals , funding and staffing cuts, with long waiting lists. I need support. There is none. Ful stop.",been on the waiting list for years no support in place left out on a limb sink or swim struggling alone no one been in touch i last rang to be told the service has now moved but there is a physchology person taking calls but was unavailable to take my call i stopped trying to contact after my third attempt with this person whoever it is i had not been informed of any change or location changes am i worth support clearly not in this services opinion regardless of being on a waiting list for years with the story of severe lack of professionals funding and staffing cuts with long waiting lists i need support there is none ful stop,Positive,0.033333333333333326
"Each time, i call to the surgery, its never easy to get through. Bell rings n rings then someone will put you on hold and then again it starts ringing then you are put on hold forever. Regardless if the call is urgent. This is very frustrating it also happens with other patients. Practice needs to sort this out.",each time i call to the surgery its never easy to get through bell rings n rings then someone will put you on hold and then again it starts ringing then you are put on hold forever regardless if the call is urgent this is very frustrating it also happens with other patients practice needs to sort this out,Negative,-0.2872222222222222
"We have been registered at the GP practice for 30 plus years and has been instrumental in all of our care but in particular our mums care. The practice has worked hard to put measures in place to ensure we get a good service. I would like thank you all the staff from the Drs, to the nurses and reception staff for their friendly and supportive advice. The Dr we deal with has been extremely helpful in managing mums care, she has amazing listening skills and we felt so confident about mums care plan. Thank you to nurse who took time over the phone to understand mums problems. Thank you the reception staff for organising the prescriptions. Fantastic service.",we have been registered at the gp practice for plus years and has been instrumental in all of our care but in particular our mums care the practice has worked hard to put measures in place to ensure we get a good service i would like thank you all the staff from the drs to the nurses and reception staff for their friendly and supportive advice the dr we deal with has been extremely helpful in managing mums care she has amazing listening skills and we felt so confident about mums care plan thank you to nurse who took time over the phone to understand mums problems thank you the reception staff for organising the prescriptions fantastic service,Positive,0.3138888888888889
"Visited Cath Lab as emergency during lock down. Everything was perfect. Consultant was very reassuring and explained everything fully before, during and after the procedure. He was supported by a friendly, welcoming and highly professional team. I would have no hesitation in returning to this Lab. Thank you.",visited cath lab as emergency during lock down everything was perfect consultant was very reassuring and explained everything fully before during and after the procedure he was supported by a friendly welcoming and highly professional team i would have no hesitation in returning to this lab thank you,Positive,0.30388888888888893
"I needed to see a physiotherapist around June/July 2019 I got an appointment quickly however, on arrival I was stood 10 minutes waiting for someone to direct me to the correct area. When I got there I was in a classroom setting with 3 other people who had taken similar symptoms to me. We were assured we would be seen independently, which we were in a big room behind a curtain where everyone could hear everyone elses complaint then we sat and watched a video for an hour about muscles and were given a large elastic band and shown how to do exercises with it thank you see you later. Complete waste of time for me almost a year later pain is worse. Bring back the actual physical examination by a physiotherapist",i needed to see a physiotherapist around junejuly i got an appointment quickly however on arrival i was stood minutes waiting for someone to direct me to the correct area when i got there i was in a classroom setting with other people who had taken similar symptoms to me we were assured we would be seen independently which we were in a big room behind a curtain where everyone could hear everyone elses complaint then we sat and watched a video for an hour about muscles and were given a large elastic band and shown how to do exercises with it thank you see you later complete waste of time for me almost a year later pain is worse bring back the actual physical examination by a physiotherapist,Negative,-0.039845938375350144
"My husband went into this hospital a few weeks ago and was in there about two weeks. He had taken ill again after 8 years of being healthy with no drugs, due to the stress of a family member being ill. Although diagnosed some years ago with Bi Polar Disorder we believed it was more of a lack of nutrition, vitamins and minerals and as said he was well for 8-10 years no drugs. Upon entering this hospital they put him on Olanzapine at the time it was questionable what the diagnosis was other than high stress. When I I had read up about the drug and that it could push his sugar levels up the answer was well we will give him a pill for that if that occurs? ? ? ? ? ? He came home and was doing well but had a relapse and mania was showing again due to high stress. This time they put him on higher doses of Olanzapine and monitored him. Then they decided to put him on Respiridon and they had him on both tablets citing that they had to put him on both to take him off olanzapine this took about a week. Then he had a Parkinsons shake because of one of the drugs and a rash, we dont know which drug caused this. So they put him on another drug to stop the shakes. All this time on messenger where I could see him he looked doped up but the doctor would not have it. I talked about bringing in a Nuitritionalist and they were ok about that but afterwards it seemed to make things worse for my husband.The following weekend staff said he was high, well in fact I thought he was subdued, when I mentioned I thought he was subdued I got ignored, I asked for the doctor to give me a ring again. They have not to date. Because staff thought he was high they would not discharge him and then have since put him on a mood stabilizer, all because some staff who do not know my happy, jolly, ebullient husband thinks he is high. I dislike the staff who are caring for my husband for they know not what they do. I believe nutrition is the way forward. But how can I implement that when he is in there.  I am getting to know nothing, just getting ignored, I am not being brought into the decision making or any meetings either and I want to make a formal complaint against them all.",my husband went into this hospital a few weeks ago and was in there about two weeks he had taken ill again after years of being healthy with no drugs due to the stress of a family member being ill although diagnosed some years ago with bi polar disorder we believed it was more of a lack of nutrition vitamins and minerals and as said he was well for years no drugs upon entering this hospital they put him on olanzapine at the time it was questionable what the diagnosis was other than high stress when i i had read up about the drug and that it could push his sugar levels up the answer was well we will give him a pill for that if that occurs he came home and was doing well but had a relapse and mania was showing again due to high stress this time they put him on higher doses of olanzapine and monitored him then they decided to put him on respiridon and they had him on both tablets citing that they had to put him on both to take him off olanzapine this took about a week then he had a parkinsons shake because of one of the drugs and a rash we dont know which drug caused this so they put him on another drug to stop the shakes all this time on messenger where i could see him he looked doped up but the doctor would not have it i talked about bringing in a nuitritionalist and they were ok about that but afterwards it seemed to make things worse for my husbandthe following weekend staff said he was high well in fact i thought he was subdued when i mentioned i thought he was subdued i got ignored i asked for the doctor to give me a ring again they have not to date because staff thought he was high they would not discharge him and then have since put him on a mood stabilizer all because some staff who do not know my happy jolly ebullient husband thinks he is high i dislike the staff who are caring for my husband for they know not what they do i believe nutrition is the way forward but how can i implement that when he is in there i am getting to know nothing just getting ignored i am not being brought into the decision making or any meetings either and i want to make a formal complaint against them all,Positive,0.023412698412698427
"Laura and Helen youve been amazing helping my wife to bring to life my baby boy. Very suportive, calm and positive. Thank you! ! !",laura and helen youve been amazing helping my wife to bring to life my baby boy very suportive calm and positive thank you,Positive,0.33181818181818185
"I joined the practise last year and have nothing but praise for all the staff working there . The receptionists are amazing , so kind , caring , compassionate and dedicated . Nothing is too much trouble . The Drs are thorough and listen to you . My recent illness has been made that little bit easier from the kindness of the staff . Thank you , all of you",i joined the practise last year and have nothing but praise for all the staff working there the receptionists are amazing so kind caring compassionate and dedicated nothing is too much trouble the drs are thorough and listen to you my recent illness has been made that little bit easier from the kindness of the staff thank you all of you,Positive,0.1354166666666667
I had to leave this review based on my time here over the weekend to deliver my beautiful baby girl. Regardless of any pandemic and circumstances the staff on labour wards and post natal ward were my constant support when my husband wasnt able to be present and for that I will be forever grateful. You are all a credit to what you do and I will never be able to say thank you enough for keeping me calm and staying by my side when I was frightened or struggling.I have done nothing but sing your praises since Ive got home!,i had to leave this review based on my time here over the weekend to deliver my beautiful baby girl regardless of any pandemic and circumstances the staff on labour wards and post natal ward were my constant support when my husband wasnt able to be present and for that i will be forever grateful you are all a credit to what you do and i will never be able to say thank you enough for keeping me calm and staying by my side when i was frightened or strugglingi have done nothing but sing your praises since ive got home,Positive,0.3071428571428572
I would like to thank everybody at this practice for their extra support and this difficult time.  Visited a few weeks ago and everybody was so kind and caring.  The infection control there was excellent and made me feel very safe.  Well Done !,i would like to thank everybody at this practice for their extra support and this difficult time visited a few weeks ago and everybody was so kind and caring the infection control there was excellent and made me feel very safe well done,Positive,0.25833333333333336
"We have been registered at the GP practice for 30 plus years and has been instrumental in all of our care but in particular our mums care. The practice has worked hard to put measures in place to ensure we get a good service. I would like thank you all the staff from the Drs, to the nurses and reception staff for their friendly and supportive advice. Dr Rutton has been extremely helpful in managing mums care, she has amazing listening skills and we felt so confident about mums care plan. Thank you to Regina the nurse who took time over the phone to understand mums problems. Thank you the reception staff for organising the prescriptions. Fantastic service.",we have been registered at the gp practice for plus years and has been instrumental in all of our care but in particular our mums care the practice has worked hard to put measures in place to ensure we get a good service i would like thank you all the staff from the drs to the nurses and reception staff for their friendly and supportive advice dr rutton has been extremely helpful in managing mums care she has amazing listening skills and we felt so confident about mums care plan thank you to regina the nurse who took time over the phone to understand mums problems thank you the reception staff for organising the prescriptions fantastic service,Positive,0.3138888888888889
"Arrived with extreme lower leg pain, had bloods taken and then an ultrasound which showed Deep Vein Thrombosis. Had the problem explained and left with a prescription for the necessary medication. Thank you NHS.",arrived with extreme lower leg pain had bloods taken and then an ultrasound which showed deep vein thrombosis had the problem explained and left with a prescription for the necessary medication thank you nhs,Negative,-0.03125
"Went in today for my first ENG 1 Medical Examination. Right from the start, my experience was brilliant. The recepcionist was very friendly and welcoming, and it made me feel very comfortable in my surroundings. Once I had got everything sorted for the Doctor, I went through and we went through everything for the ENG 1 (as per the MCA guidelines), but he was very reassuring, right from the get-go, that I would pass it no problems. It had been the biggest worry, and I was worried about nothing, it was a quick and painless service, and I shall return here for my next ENG 1, as well as all following! Thank you all so much.",went in today for my first eng medical examination right from the start my experience was brilliant the recepcionist was very friendly and welcoming and it made me feel very comfortable in my surroundings once i had got everything sorted for the doctor i went through and we went through everything for the eng as per the mca guidelines but he was very reassuring right from the getgo that i would pass it no problems it had been the biggest worry and i was worried about nothing it was a quick and painless service and i shall return here for my next eng as well as all following thank you all so much,Positive,0.2885218253968254
"Iv called for both myself and my daughter within the space of a week. My problems have been dealt with promptly and effectively via telephone consultations. The knowledgeable asthma nurse gave me fantastic advice and was very attentive and compassionate. The gp who also dealt with my problem gave me good time and also dealt with my problem in a compassionate way. Thankyou Petersgate, I understand the difficulties that you are facing currently, keep up the great work!",iv called for both myself and my daughter within the space of a week my problems have been dealt with promptly and effectively via telephone consultations the knowledgeable asthma nurse gave me fantastic advice and was very attentive and compassionate the gp who also dealt with my problem gave me good time and also dealt with my problem in a compassionate way thankyou petersgate i understand the difficulties that you are facing currently keep up the great work,Positive,0.5033333333333333
"the electronic prescription system, doesnt work for me. i have the problem for 4 years. each month for renew my medicine, i have to travel between gp and pharmacy several times. gp reception are saying we have sent your prescription to pharmacy and pharmacy are saying we dont recieve it. nobody care to solve the problem at gp.",the electronic prescription system doesnt work for me i have the problem for years each month for renew my medicine i have to travel between gp and pharmacy several times gp reception are saying we have sent your prescription to pharmacy and pharmacy are saying we dont recieve it nobody care to solve the problem at gp,Neutral,0.0
"One day I have decided to treat my phobia and luckily I have met one of the best therapist which helped me session after session to be strong.I will never have enough words to say THANK YOU, Monica for everything.After my therapy I am much stronger than before and confident to do things which I thought were impossible.",one day i have decided to treat my phobia and luckily i have met one of the best therapist which helped me session after session to be strongi will never have enough words to say thank you monica for everythingafter my therapy i am much stronger than before and confident to do things which i thought were impossible,Positive,0.22777777777777777
I attended the dermatology dept this Tuesday morning (9am) 19th May 2020 for the removal of a Basal Cell Carcinoma. I would just like to express my thanks to the wonderful team of 4 who carried out the procedure. They were brilliant and I am extremely grateful.,i attended the dermatology dept this tuesday morning am th may for the removal of a basal cell carcinoma i would just like to express my thanks to the wonderful team of who carried out the procedure they were brilliant and i am extremely grateful,Positive,0.49375
"Genuinely interested in my concerns and health, gave me time and listened. Requested a call back from Dr, and received it, happy with the service.",genuinely interested in my concerns and health gave me time and listened requested a call back from dr and received it happy with the service,Positive,0.35000000000000003
"I am a clinician myself. I was anxious about a particular health matter and I was consulted by the doctor. I understand the difficulties of managing patient expectations, being pragmatic and empathetic at the same time. The doctor demonstrated all of these qualities and resolved my medical problems in a timely manner. I am very happy with the service received at Southview Surgery during the time of the COVID-19 pandemic",i am a clinician myself i was anxious about a particular health matter and i was consulted by the doctor i understand the difficulties of managing patient expectations being pragmatic and empathetic at the same time the doctor demonstrated all of these qualities and resolved my medical problems in a timely manner i am very happy with the service received at southview surgery during the time of the covid pandemic,Positive,0.18333333333333332
"We have used the surgery 4 times in the last 2 months and have been totally impressed with the doctors, nurses and reception staff we have interacted with.They have in short, been brilliant.My husband has attended twice, after receiving an animal bite, and the nurses were efficient and knowledgable. Twice we received telephone consultations after submitting photographs. All treatments were extremely quickly dealt with. On all occasions receptionists, the first contact, have been welcoming, efficient and personable. It makes such a difference in these difficult times when you can have so much confidence in your local GPs surgery. Thanks again",we have used the surgery times in the last months and have been totally impressed with the doctors nurses and reception staff we have interacted withthey have in short been brilliantmy husband has attended twice after receiving an animal bite and the nurses were efficient and knowledgable twice we received telephone consultations after submitting photographs all treatments were extremely quickly dealt with on all occasions receptionists the first contact have been welcoming efficient and personable it makes such a difference in these difficult times when you can have so much confidence in your local gps surgery thanks again,Positive,0.14833333333333332
"I can only say thank you for the care that you provided for me and my husband over the last 2 months- my husband had a serious accident and the after care from our surgery went above and beyond,any questions or service we needed they were there- an understanding doctor who listened- with myself I was diagnosed with Covid and with her care I was admitted to hospital and was looked after and discharged home recovered, and my doctor was on the phone to check and to see that I was ok - we would both like to say thank our doctor for her care",i can only say thank you for the care that you provided for me and my husband over the last months my husband had a serious accident and the after care from our surgery went above and beyondany questions or service we needed they were there an understanding doctor who listened with myself i was diagnosed with covid and with her care i was admitted to hospital and was looked after and discharged home recovered and my doctor was on the phone to check and to see that i was ok we would both like to say thank our doctor for her care,Positive,0.03333333333333334
Both the nurse and the on duty doctor got me through a rather/very nasty breathless spell.Thank you for your efforts.,both the nurse and the on duty doctor got me through a rathervery nasty breathless spellthank you for your efforts,Negative,-1.0
"I live in Kintyre, a 4. 5 trip on a bus to QEH I was suffering severe stomach pain and was transferred from my local hospital to QEH by helicopter. Having had scans and xrays done, it was thought I had a 6mm kidney stone. I was given morphine via mouth for pain. I was told if I didn\t pass the stone I might have to have an op on the Monday - I was admitted early hours wed morning. On sat morning a doctor came round, never seen them before, asked if I was in any pain. By then I was being given codeine and paracetamol for pain. I wasn\t in any pain and was told I would discharged that morning. Not having been rescanned to check if stone was still there, I hadn\t felt any discomfort passing urine, I found this odd. It was the doctors attitude after this. I asked how I was getting home, they told me same way you came\, I informed them it was by helicopter. They said do you think we provide a private plane for you? I said there is a bus but it takes hours to get home. They said that was fine I can get the bus. Their whole attitude, lack of concern shocked me. A nurse had to show me where bus stop was and I had to sit in the cold in bus station for two hours waiting for my bus.",i live in kintyre a trip on a bus to qeh i was suffering severe stomach pain and was transferred from my local hospital to qeh by helicopter having had scans and xrays done it was thought i had a mm kidney stone i was given morphine via mouth for pain i was told if i didnt pass the stone i might have to have an op on the monday i was admitted early hours wed morning on sat morning a doctor came round never seen them before asked if i was in any pain by then i was being given codeine and paracetamol for pain i wasnt in any pain and was told i would discharged that morning not having been rescanned to check if stone was still there i hadnt felt any discomfort passing urine i found this odd it was the doctors attitude after this i asked how i was getting home they told me same way you came i informed them it was by helicopter they said do you think we provide a private plane for you i said there is a bus but it takes hours to get home they said that was fine i can get the bus their whole attitude lack of concern shocked me a nurse had to show me where bus stop was and i had to sit in the cold in bus station for two hours waiting for my bus,Negative,-0.07396694214876032
"I was drinking earlier each day and a considerable volume. I would pass out each evening and wake in the early hours on the sofa. I was constantly bumping into doors and handles when I would eventually head to bed and wake up bruised with no recollection of it happening. I would spend the day trying to hide the bruises on my arms and my body.I felt ashamed, scared about being found out, I only drank privately and I used this to allow my excessive drinking. I wasnt out being a nuisance, I wasnt being rowdy in a pub, I wasnt being offensive to anyone outside the home.I felt I had to change before things got any worse. With family help I completed a self referral online for One Recovery Bucks and was quickly provided with a Recovery Worker (Lucy) who has worked with me over the last 6 months to gradually reduce my alcohol consumption, to look at my emotional and mental wellbeing and provide additional avenues of support such as the AA. I am pleased to say that as of today I have over 10 weeks of sobriety. The support I receive from ORB is still as important, helpful and encouraging as it was on day 1 as I still feel insecure and uncertain of permanent abstinence.",i was drinking earlier each day and a considerable volume i would pass out each evening and wake in the early hours on the sofa i was constantly bumping into doors and handles when i would eventually head to bed and wake up bruised with no recollection of it happening i would spend the day trying to hide the bruises on my arms and my bodyi felt ashamed scared about being found out i only drank privately and i used this to allow my excessive drinking i wasnt out being a nuisance i wasnt being rowdy in a pub i wasnt being offensive to anyone outside the homei felt i had to change before things got any worse with family help i completed a self referral online for one recovery bucks and was quickly provided with a recovery worker lucy who has worked with me over the last months to gradually reduce my alcohol consumption to look at my emotional and mental wellbeing and provide additional avenues of support such as the aa i am pleased to say that as of today i have over weeks of sobriety the support i receive from orb is still as important helpful and encouraging as it was on day as i still feel insecure and uncertain of permanent abstinence,Positive,0.010784313725490198
"My dad is a patient at this practice and due to his age and frailty I now attend all appointments and deal with his, sometimes complex, medical needs. I have never had any problems with any of the staff, if I am waiting because staff are on the phone they usually acknowledge Im there which is appreciated.  Nothing is too much trouble, recently I have received calls about my dad on Good Friday and also out of hours.  In these current times I believe they have gone above and beyond showing care and support to the whole family, even those not registered.  Im very happy knowing my dad is in safe hands.",my dad is a patient at this practice and due to his age and frailty i now attend all appointments and deal with his sometimes complex medical needs i have never had any problems with any of the staff if i am waiting because staff are on the phone they usually acknowledge im there which is appreciated nothing is too much trouble recently i have received calls about my dad on good friday and also out of hours in these current times i believe they have gone above and beyond showing care and support to the whole family even those not registered im very happy knowing my dad is in safe hands,Positive,0.1326923076923077
"This surgery had a few wobbles a year ago - but has improved considerably. Ive found the receptionists to be firm but helpful; yes they can sometimes be sharp when very busy (which is understandable given the pressures they work under; but Ive also been present when theyve had to answer some very stupid questions - needlessly taking up their time), but have never had a bad experience. There was some availability and consistency issues with the Drs., but that also seems to have been addressed and last two interactions were both very positive.",this surgery had a few wobbles a year ago but has improved considerably ive found the receptionists to be firm but helpful yes they can sometimes be sharp when very busy which is understandable given the pressures they work under but ive also been present when theyve had to answer some very stupid questions needlessly taking up their time but have never had a bad experience there was some availability and consistency issues with the drs but that also seems to have been addressed and last two interactions were both very positive,Negative,-0.19995867768595038
"This place just gets worse, if you get to see a Dr they are good but the staff blame everything on their systems they accuse the patients when clearly it is a result of their mistakes , if mistakes constantly happen then the problem is the surgery staff or their IT system when they are shown proof they shrug their shoulders and nod , the mistakes they make is not funny and its a shame as this surgery was exceptionally good but they cause distress and stress to patients and the amount of times they collectively make mistakes is embarrassing, they regularly do protected learning? They obviously require a better IT system and phone lines as the excuses are always the lines down or system not working they like to fudge the truth quite a lot.",this place just gets worse if you get to see a dr they are good but the staff blame everything on their systems they accuse the patients when clearly it is a result of their mistakes if mistakes constantly happen then the problem is the surgery staff or their it system when they are shown proof they shrug their shoulders and nod the mistakes they make is not funny and its a shame as this surgery was exceptionally good but they cause distress and stress to patients and the amount of times they collectively make mistakes is embarrassing they regularly do protected learning they obviously require a better it system and phone lines as the excuses are always the lines down or system not working they like to fudge the truth quite a lot,Positive,0.13194444444444442
all staff I have come in contact with have been really helpful and knowledgable.  able to get appt with relatively short notice,all staff i have come in contact with have been really helpful and knowledgable able to get appt with relatively short notice,Positive,0.2333333333333333
"My wife and I have lived in the area and been registered with this surgery for 12 years. Our daughter for the last 6. Im 73, have had cancer and open-heart surgery but am fit now. It was such a relief to have a proper, caring family surgery nearby. I usually see the same doctor, but all the doctors I have seen, all the nurses and all the office staff have been quite wonderful  and their care has been demonstratively effective: Im still here !    I dread to think of the challenges they have had to face with the underfunding etc. of the NHS, and the toll this must take on all of them.  In spite of this, the way they manage the practice works really very efficiently. Above all there is that sense of kindness, concern and professionalism that one would hope to find in a family practice rooted in the community.",my wife and i have lived in the area and been registered with this surgery for years our daughter for the last im have had cancer and openheart surgery but am fit now it was such a relief to have a proper caring family surgery nearby i usually see the same doctor but all the doctors i have seen all the nurses and all the office staff have been quite wonderful and their care has been demonstratively effective im still here i dread to think of the challenges they have had to face with the underfunding etc of the nhs and the toll this must take on all of them in spite of this the way they manage the practice works really very efficiently above all there is that sense of kindness concern and professionalism that one would hope to find in a family practice rooted in the community,Positive,0.195
"I am 26years old. My sister comitted suicide a bit more than a year ago. I thought that my life is over. Didnt know who I was anymore. Only few people in my life suggested to ask for help, everyone else kept sayingyou will go through this, just need more time. I am so glad I listened and made that call. Ian who works at Inclusion Thurrock service helped me to go through this. My best decision was to get a phone and call for a help ( it was very scary but 100% worth it).",i am years old my sister comitted suicide a bit more than a year ago i thought that my life is over didnt know who i was anymore only few people in my life suggested to ask for help everyone else kept sayingyou will go through this just need more time i am so glad i listened and made that call ian who works at inclusion thurrock service helped me to go through this my best decision was to get a phone and call for a help it was very scary but worth it,Positive,0.22777777777777775
"I went to RCH Treliske mermaid centre yesterday for my mammogram (3rd year post op). I was so impressed with the complete service from start to finish. The staff were amazing! I had slight blurring on one side so had to have a repeat mammogram to ensure it was nothing to worry about. The reassurance, time and empathy towards me was impeccable. What a magnificent service you provide, Im so thankful and grateful to each and every member of staff there. ",i went to rch treliske mermaid centre yesterday for my mammogram rd year post op i was so impressed with the complete service from start to finish the staff were amazing i had slight blurring on one side so had to have a repeat mammogram to ensure it was nothing to worry about the reassurance time and empathy towards me was impeccable what a magnificent service you provide im so thankful and grateful to each and every member of staff there,Positive,0.5472222222222222
"Oversubscribed with too many patients, no personal touch and impossible to get appointments, particularly with own doctor and if youre pregnant, forget it. Midwife is impossible to get in to see at the appropriate time and usually too busy to spend much time with you anyway.",oversubscribed with too many patients no personal touch and impossible to get appointments particularly with own doctor and if youre pregnant forget it midwife is impossible to get in to see at the appropriate time and usually too busy to spend much time with you anyway,Positive,0.07424242424242423
"I phoned for an appointment and was told there were no appointments but I could turn up at 8am for appointments released daily. I booked a day off work and arrived at 7:20.At 7:45 a receptionist came out and said they had stopped doing this in March, that the queue that had formed was a hazard and that if we got bit by the doctors  cars that it would be our own fault.After trying to call for an hour I went back in to book an appointment and was told there were no appointments. I explained I have found a lump in my testicles and then was given an appointment in three weeks.",i phoned for an appointment and was told there were no appointments but i could turn up at am for appointments released daily i booked a day off work and arrived at at a receptionist came out and said they had stopped doing this in march that the queue that had formed was a hazard and that if we got bit by the doctors cars that it would be our own faultafter trying to call for an hour i went back in to book an appointment and was told there were no appointments i explained i have found a lump in my testicles and then was given an appointment in three weeks,Positive,0.19999999999999998
"Hello I have hyatius hernia for almost 15 years .Basically severe acid reflux.For several years the medication is not helping my condition and i am taking more tablets than prescribed.My gp referred me to the specialist at leicester royal infirmary during the year 2016 and i was told that i will need corrective surgery.It is now may 2020 and i have not been given a appointment as yet.Recently I asked my gp to make me another referral and when i was seen by a registrar specialist consultant doctor at the Leicester royal infirmary, he was shocked as to why i have not received appointment since 2016 as clearly i am a perfect candidate for the operation these were his words.So finally have been put on the waiting list because of lack of beds even though the hospital forgot me since 2016.Horrible and disgusting.",hello i have hyatius hernia for almost years basically severe acid refluxfor several years the medication is not helping my condition and i am taking more tablets than prescribedmy gp referred me to the specialist at leicester royal infirmary during the year and i was told that i will need corrective surgeryit is now may and i have not been given a appointment as yetrecently i asked my gp to make me another referral and when i was seen by a registrar specialist consultant doctor at the leicester royal infirmary he was shocked as to why i have not received appointment since as clearly i am a perfect candidate for the operation these were his wordsso finally have been put on the waiting list because of lack of beds even though the hospital forgot me since horrible and disgusting,Negative,-0.17142857142857143
"In 1998, I had a nephroctomy( my right kidney has been removed because it wasnt functioning)After one year I started to have a severe abdominal pain.Since then, I have seen my urologist several time in order to find out what is the cause of this pain.Every time I saw him, he prescribe me to pass a scan. Unfortunately the scans do not show any abnormality. My GP has prescribe me Tramadol 50 mg which I has been taking for more than 20 years with any improvement in my health.",in i had a nephroctomy my right kidney has been removed because it wasnt functioningafter one year i started to have a severe abdominal painsince then i have seen my urologist several time in order to find out what is the cause of this painevery time i saw him he prescribe me to pass a scan unfortunately the scans do not show any abnormality my gp has prescribe me tramadol mg which i has been taking for more than years with any improvement in my health,Positive,0.07142857142857142
"I attend the scan department regularly due to having a high-risk pregnancy. A few weeks ago I was scanned by a lovely lady named Angie. Being high-risk Im always very anxious at appointments. This was the first time Ive had Angie scan me (Ive been in 5 times so far) and I really hope it wont be the last! She was amazing with me. Explained absolutely everything, answered every question I asked and made me feel very comfortable before even entering the room.I really hope I have her again for future appointments or that Imable to request her. I hope this is passed on to Angie and she gets the credit where deserved.Thank you!",i attend the scan department regularly due to having a highrisk pregnancy a few weeks ago i was scanned by a lovely lady named angie being highrisk im always very anxious at appointments this was the first time ive had angie scan me ive been in times so far and i really hope it wont be the last she was amazing with me explained absolutely everything answered every question i asked and made me feel very comfortable before even entering the roomi really hope i have her again for future appointments or that imable to request her i hope this is passed on to angie and she gets the credit where deservedthank you,Positive,0.14769230769230768
"On speaking to a patient about their experience of how difficult it is not to have visitors at the moment based on the recommendation by NHS Tayside, they noted:Not really difficult for me, I live alone and its ok to be in by own company.I have my mobile phone to keep connected to my family and I can call them when I wish to.I like watching the TV and this helps to pass the time.",on speaking to a patient about their experience of how difficult it is not to have visitors at the moment based on the recommendation by nhs tayside they notednot really difficult for me i live alone and its ok to be in by own companyi have my mobile phone to keep connected to my family and i can call them when i wish toi like watching the tv and this helps to pass the time,Positive,0.047272727272727265
"For a long time I have struggled with my eating. For years I would restrict myself and over the top control in order to loose weight. It was not until I have completely lost control and my eating habits would control my everyday life when I decided I needed help or I would go crazy.I went to my GP and was referred to the St. Georges Community service in Sheffield where I was diagnosed with bulimia, binge eating and body dysmorphia.I started a therapy with Ms. O and could not help her enough. This therapy was for myself very emotion and hard work but after attending a session every week for approx. 2 months I have not only over came the eating disorder but also learned how to accept my body and not allow food control my mood.Before the therapy I would wake up in fear every day thinking wether today I will loose control over food again I would also think about it as a last thing before going to bed. I would fear going out for meals as even one piece of chocolate could trigger a binge. Now all of this is gone.Part of my therapy was planning my meals and sticking to them. I have learned that eating normal will not make me gain weight but make myself and body satisfied and reduce the cravings.I have also done a mirror exposure which helped me with accepting my body and getting rid of the body dysmorphia. Finally I stopped focusing on the issue areas of my body and seen myself as a whole.I eat normal now and can allow myself to have a treat without feeling guilt.I could have never done thins without Ms. O, who has always been here for me wether I had a bad or good week. The therapy sometimes will feel hard and you will feel hopeless but just 2 weeks in you will be able to see more brighter days than before and towards the end you can be completely cured and become a happier person.Also I just would like to add that before binge eating I would weight 10kg less than what I do now but I was less accepting of my body than what I am now!If you struggle with eating just like I have done do not hesitate see a specialist. They know what they are doing and can change your life completely around!",for a long time i have struggled with my eating for years i would restrict myself and over the top control in order to loose weight it was not until i have completely lost control and my eating habits would control my everyday life when i decided i needed help or i would go crazyi went to my gp and was referred to the st georges community service in sheffield where i was diagnosed with bulimia binge eating and body dysmorphiai started a therapy with ms o and could not help her enough this therapy was for myself very emotion and hard work but after attending a session every week for approx months i have not only over came the eating disorder but also learned how to accept my body and not allow food control my moodbefore the therapy i would wake up in fear every day thinking wether today i will loose control over food again i would also think about it as a last thing before going to bed i would fear going out for meals as even one piece of chocolate could trigger a binge now all of this is gonepart of my therapy was planning my meals and sticking to them i have learned that eating normal will not make me gain weight but make myself and body satisfied and reduce the cravingsi have also done a mirror exposure which helped me with accepting my body and getting rid of the body dysmorphia finally i stopped focusing on the issue areas of my body and seen myself as a wholei eat normal now and can allow myself to have a treat without feeling guilti could have never done thins without ms o who has always been here for me wether i had a bad or good week the therapy sometimes will feel hard and you will feel hopeless but just weeks in you will be able to see more brighter days than before and towards the end you can be completely cured and become a happier personalso i just would like to add that before binge eating i would weight kg less than what i do now but i was less accepting of my body than what i am nowif you struggle with eating just like i have done do not hesitate see a specialist they know what they are doing and can change your life completely around,Positive,0.06164529914529915
After a diabetic review with a clinical-physician my medication has been completely messed up. After 2 months of trying to resolve issue I have now had to write a letter of complaint  which I will be posting in a few days. They appear to be incapable of resolving what I consider to be a very serious issue.  Communication and ability to see GP impossible.,after a diabetic review with a clinicalphysician my medication has been completely messed up after months of trying to resolve issue i have now had to write a letter of complaint which i will be posting in a few days they appear to be incapable of resolving what i consider to be a very serious issue communication and ability to see gp impossible,Negative,-0.3
"You can never get an appointment with your doctor and its a lottery if you get an appointment to see any doctor. My wife has been put on HRT and told to book follow up appointments every 4 weeks,  the receptionist says that they dont give out appointments that far in advance,  they only do 2weeks in advance,  but every time we have tried to book an appointment 2 weeks in advance as instructed by the receptionist we are told there are no appointments available. You cannot book one on the day because when you phone at 08:00 on the dot,  if lucky you end up in a huge queue only to be told that there are no appointments available.This practice has taken on far too many patients and should be avoided like the plague,  which if you had it you wouldnt be able to see your GP and get treatment for it because you wouldnt be able to get an appointment.",you can never get an appointment with your doctor and its a lottery if you get an appointment to see any doctor my wife has been put on hrt and told to book follow up appointments every weeks the receptionist says that they dont give out appointments that far in advance they only do weeks in advance but every time we have tried to book an appointment weeks in advance as instructed by the receptionist we are told there are no appointments available you cannot book one on the day because when you phone at on the dot if lucky you end up in a huge queue only to be told that there are no appointments availablethis practice has taken on far too many patients and should be avoided like the plague which if you had it you wouldnt be able to see your gp and get treatment for it because you wouldnt be able to get an appointment,Positive,0.2833333333333333
Very kind and professional doctors. Front desk staff always helpful and very patient. Ive been with this GP surgery 10 years and Im happy with the service they provide.,very kind and professional doctors front desk staff always helpful and very patient ive been with this gp surgery years and im happy with the service they provide,Positive,0.47000000000000003
Been with the surgery for many years a couple of excellent Doctors but sorry to say a couple that are rude and not at all patient friendly,been with the surgery for many years a couple of excellent doctors but sorry to say a couple that are rude and not at all patient friendly,Positive,0.215
"Ive recently had an operation and Id called the surgery for an extension on a sick note & to see if I could have an appt with a nurse to check my stitches. Unfortunately there were no appt for over a week & i was told I could go to a walk in centre but i could pick up a form for the sick note. I popped into the surgery the following day as Im unable to drive for 6wks & reliant on getting a lift. At the reception I was greeted with very helpful staff, they booked me in for a doctor to call me to discuss the sick note requirements for the Tuesday although there were still no appt to see a nurse the one that was on duty didnt have anyone with her & went to speak to her. I was told if I could wait 10mins she would see me, the nurse was really helpful. I really apprecited everything they did for me, they provided excellent customer service with can do attitude. The doctor also called me on the day it was booked in for & was extremely helpful & my whole experience has been very good after a disappointing initial call. Thank you",ive recently had an operation and id called the surgery for an extension on a sick note to see if i could have an appt with a nurse to check my stitches unfortunately there were no appt for over a week i was told i could go to a walk in centre but i could pick up a form for the sick note i popped into the surgery the following day as im unable to drive for wks reliant on getting a lift at the reception i was greeted with very helpful staff they booked me in for a doctor to call me to discuss the sick note requirements for the tuesday although there were still no appt to see a nurse the one that was on duty didnt have anyone with her went to speak to her i was told if i could wait mins she would see me the nurse was really helpful i really apprecited everything they did for me they provided excellent customer service with can do attitude the doctor also called me on the day it was booked in for was extremely helpful my whole experience has been very good after a disappointing initial call thank you,Negative,-0.07236607142857143
No telephone access Always busy. Rude staffs.Waste of time,no telephone access always busy rude staffswaste of time,Negative,-0.09999999999999999
"Yesterday I had an infected tooth removed after being an inpatient at this hospital. I understand it is not possible to mention staff names in these reviews but if possible I would like to say how well I was treated by all  the staff in Bevan house.The surgeon and nurse who carried out the treatment were kind, empathetic, 100% professional and explained everything that they were doing, The process was as painless as they could possibly make it, and the explanation of every procedure was concise and clear.Many, many thanks to the people who looked after me early Monday morning during my appointment.Very much appreciated,Jan Gardner",yesterday i had an infected tooth removed after being an inpatient at this hospital i understand it is not possible to mention staff names in these reviews but if possible i would like to say how well i was treated by all the staff in bevan housethe surgeon and nurse who carried out the treatment were kind empathetic professional and explained everything that they were doing the process was as painless as they could possibly make it and the explanation of every procedure was concise and clearmany many thanks to the people who looked after me early monday morning during my appointmentvery much appreciatedjan gardner,Positive,0.18
"My husband and I attended Inverurie Midwife Unit after my waters had broken at home in the morning.We were seen to by Alison and Hayley who were fantastic from the offset. They introduced themselves and kept us informed at every stage of my labour. Unfortunately, my labour didnt go to plan and we ended up being transferred to ARI. The ambulance crew who turned up were also very caring and professional. It was a female and male crew, I think the mans name was John. Apologies I cant remember their exact names too.Hayley was so calming and comforting during my time at Inverurie and my subsequent transfer to ARI. She is a credit to her profession. We cannot fault the care that we received at Inverurie.",my husband and i attended inverurie midwife unit after my waters had broken at home in the morningwe were seen to by alison and hayley who were fantastic from the offset they introduced themselves and kept us informed at every stage of my labour unfortunately my labour didnt go to plan and we ended up being transferred to ari the ambulance crew who turned up were also very caring and professional it was a female and male crew i think the mans name was john apologies i cant remember their exact names toohayley was so calming and comforting during my time at inverurie and my subsequent transfer to ari she is a credit to her profession we cannot fault the care that we received at inverurie,Positive,0.0055555555555555575
"Since a child Ive suffered with slow achy joints, over the last 10 years Ive been passed from gp to gp, Ive had 4 children and has been difficult to get a diagnosis. In 2017 the inflammation in my hands became obvious, after any activity the swelling would appear painting became impossible, I went to the gp nothing happened Ive been prescribed morphine for over 4 years and still no appointment with a rheumatologist. 3 years later after my hands, became wrist pain in suffering like carpal tunnel daily I cant get rid. Im also now getting inflammation in my shoulders, elbows, knees, ankles all over my feet, Ive been back to the gp as I thought I had gout in my big toe STILL NO REFERRAL.In the last year my legs have worsened my hands and feet dont swell as much but Ive lost the feeling in my feet and fingers, they turn white and the tops of nails turn red and I cant feel anything this causes my arms and legs to be completely weak and shaking. Ive had to start getting help for myself after 6 months ago I started having chest pains that mimic a heart attack I get a fever start feeling sick and a sharp pain in the middle of my chest, mucus starts to fill my throat and I cant breathe properly Ive come close to phoning the ambulance, but it eases after 5 or 10 minutes. My grandmother has rheumatoid athritis and can see herself in me Im 27 but cant walk upstairs without feeling like Ive walked miles my legs ache like Ive ran and I get breathless so quickly, Ive never had a migraine in my life but have had one a week over the last year. Last of all is the chronic bowel pains that leave me what I feel like is dying on the toilet, I start with terrible stomach cramps that feel like gas but I cant pass then out if no where my face goes grey i sweat uncontrollably but feel cold and have chronic diarrhoea shake and unsure if Ill faint on the toilet Ive had to get my husband to wait outside and keep check in me as its a little unsettling. After being on morphine which the gp prescribed years ago they are now not seeing past the morphine use at my symptoms and are just donning me off as if Im an addict, Ive told them I dont want the meds if it will make them help me Ive reduced to 10mg which doesnt even help my pain at all. Its got to a point now where Im depressed its taken over my body I cant do anything I enjoy anymore and then when I go and see the doctor there is no help my chest pain was apparently heart burn which I know the difference, all Id like is someone to actually take a look at me my hands are changing I have small lumps on some of my joints one in my throat that feel like its causing my headache, Ive become so aware of every bone and nerve in my body I can follow the pain from my shoulder up through my neck and up the back of my head please can someone take me seriously because my nan had rheumatoid arthritis which caused her cardiovascular problems and I feel Im going the same way already, I had a flare start yesterday and I still shaking from the inside and exhausted, hips rubbing with every step. I need help.",since a child ive suffered with slow achy joints over the last years ive been passed from gp to gp ive had children and has been difficult to get a diagnosis in the inflammation in my hands became obvious after any activity the swelling would appear painting became impossible i went to the gp nothing happened ive been prescribed morphine for over years and still no appointment with a rheumatologist years later after my hands became wrist pain in suffering like carpal tunnel daily i cant get rid im also now getting inflammation in my shoulders elbows knees ankles all over my feet ive been back to the gp as i thought i had gout in my big toe still no referralin the last year my legs have worsened my hands and feet dont swell as much but ive lost the feeling in my feet and fingers they turn white and the tops of nails turn red and i cant feel anything this causes my arms and legs to be completely weak and shaking ive had to start getting help for myself after months ago i started having chest pains that mimic a heart attack i get a fever start feeling sick and a sharp pain in the middle of my chest mucus starts to fill my throat and i cant breathe properly ive come close to phoning the ambulance but it eases after or minutes my grandmother has rheumatoid athritis and can see herself in me im but cant walk upstairs without feeling like ive walked miles my legs ache like ive ran and i get breathless so quickly ive never had a migraine in my life but have had one a week over the last year last of all is the chronic bowel pains that leave me what i feel like is dying on the toilet i start with terrible stomach cramps that feel like gas but i cant pass then out if no where my face goes grey i sweat uncontrollably but feel cold and have chronic diarrhoea shake and unsure if ill faint on the toilet ive had to get my husband to wait outside and keep check in me as its a little unsettling after being on morphine which the gp prescribed years ago they are now not seeing past the morphine use at my symptoms and are just donning me off as if im an addict ive told them i dont want the meds if it will make them help me ive reduced to mg which doesnt even help my pain at all its got to a point now where im depressed its taken over my body i cant do anything i enjoy anymore and then when i go and see the doctor there is no help my chest pain was apparently heart burn which i know the difference all id like is someone to actually take a look at me my hands are changing i have small lumps on some of my joints one in my throat that feel like its causing my headache ive become so aware of every bone and nerve in my body i can follow the pain from my shoulder up through my neck and up the back of my head please can someone take me seriously because my nan had rheumatoid arthritis which caused her cardiovascular problems and i feel im going the same way already i had a flare start yesterday and i still shaking from the inside and exhausted hips rubbing with every step i need help,Negative,-0.14841753774680602
"I have seen two therapist from six degrees one for 3 sessions and then another for the last 3 sessions, the first 3 session were mainly talking through my thoughts which I found weird at first. The last 3 session with the second therapist I found more beneficial due to establishing that I needed help with problem solving. My therapist gave me the tools I needed at the time to make the decisions I needed to make, which has proven since to be extremely helpful.  I will say that I think the sessions could have been closer together because I started in November 2019 and didnt finish until April 2020, there had been a bit of a gap in the middle of swapping therapist, which I hadnt been told about so there could have been better communication on that occasion.  I do have to say that I had been made to feel welcomed and I will use the service again should I feel I need to in the future.",i have seen two therapist from six degrees one for sessions and then another for the last sessions the first session were mainly talking through my thoughts which i found weird at first the last session with the second therapist i found more beneficial due to establishing that i needed help with problem solving my therapist gave me the tools i needed at the time to make the decisions i needed to make which has proven since to be extremely helpful i will say that i think the sessions could have been closer together because i started in november and didnt finish until april there had been a bit of a gap in the middle of swapping therapist which i hadnt been told about so there could have been better communication on that occasion i do have to say that i had been made to feel welcomed and i will use the service again should i feel i need to in the future,Positive,0.07051282051282051
"I have recently been having therapy wit Six Degrees. My PWP I found to be really helpful, it was just what I needed at that time. I felt at ease being able to discuss my issues. I did feel that the sessions could have been a little longer than 30minutes, just because I did feel like towards the end of the sessions I started to feel more comfortable about opening up. I know I can access the service should I need to in the future which is comforting to know.",i have recently been having therapy wit six degrees my pwp i found to be really helpful it was just what i needed at that time i felt at ease being able to discuss my issues i did feel that the sessions could have been a little longer than minutes just because i did feel like towards the end of the sessions i started to feel more comfortable about opening up i know i can access the service should i need to in the future which is comforting to know,Positive,0.2017857142857143
"My Husband was on Ward 5 as the result of a Stroke but the day before he was to come home he suffered Cardiac Arrest at 2am.  His daughter and I, his wife, were allowed on the ward to be with him.  He knew we were there, though now has no recollection of it, but to us it was so important and a few hours well always treasure. The kindness and consideration and absolute professionalism of all staff at that time and every day throughout his stay was of the highest standard. And the follow up support from OT is much appreciated and totally helpful. Both my husband and I are extremely grateful to each one of you who did so much in contributing to his condition and peace of mind today, after six days at home. Thank you.",my husband was on ward as the result of a stroke but the day before he was to come home he suffered cardiac arrest at am his daughter and i his wife were allowed on the ward to be with him he knew we were there though now has no recollection of it but to us it was so important and a few hours well always treasure the kindness and consideration and absolute professionalism of all staff at that time and every day throughout his stay was of the highest standard and the follow up support from ot is much appreciated and totally helpful both my husband and i are extremely grateful to each one of you who did so much in contributing to his condition and peace of mind today after six days at home thank you,Positive,0.057499999999999996
"I would like to give a big thanks to Malzeard Medical Centre with a wonderful combination of professionalism and caring and I appreciate it very much.  i have seen a excellent doctor and she is my Hero because of her my parents are still well. if she did not provide her support i cannot imagine what could have happened. Although, there were some misunderstanding but i am grateful to  for sorting out the problems.Thank you for taking such good care of my mother! We all felt blessed to have such a magnificent and amazing doctor",i would like to give a big thanks to malzeard medical centre with a wonderful combination of professionalism and caring and i appreciate it very much i have seen a excellent doctor and she is my hero because of her my parents are still well if she did not provide her support i cannot imagine what could have happened although there were some misunderstanding but i am grateful to for sorting out the problemsthank you for taking such good care of my mother we all felt blessed to have such a magnificent and amazing doctor,Positive,0.4327272727272727
"After 17yrs of this being my GP Practice we are leaving to move home and wish that I could take this practice with us. The Doctors and Nurses have been exceptional and have looked after my family with care and compassion. The care of my elderly parent remains with them and I have faith in her care continuing to be excellent. I would also like to take this opportunity to thank the reception staff who are polite, professional and remarkably good at directing you in the right direction. thank you all for your care in the past and appreciate in this challenging time how hard it must be, and having had telephone consultations in the last few weeks I would just like to say you are continuing to do a fantastic job, many thanks to you all. Doctors, Nurses and Reception Staff. Maggie Hopwood",after yrs of this being my gp practice we are leaving to move home and wish that i could take this practice with us the doctors and nurses have been exceptional and have looked after my family with care and compassion the care of my elderly parent remains with them and i have faith in her care continuing to be excellent i would also like to take this opportunity to thank the reception staff who are polite professional and remarkably good at directing you in the right direction thank you all for your care in the past and appreciate in this challenging time how hard it must be and having had telephone consultations in the last few weeks i would just like to say you are continuing to do a fantastic job many thanks to you all doctors nurses and reception staff maggie hopwood,Positive,0.27774725274725276
Please could you consider making address changes available online or providing an email to send address changes to. Most other surgeries have this facility. Thank you.,please could you consider making address changes available online or providing an email to send address changes to most other surgeries have this facility thank you,Positive,0.25833333333333336
"no problems at all, very helpful staff, as a retired medical receptionist I feel the service provided is excellent, the only downside is being kept waiting to see the doctor but that means the doctor is taking time with each patient which is very necessary in a lot of cases.",no problems at all very helpful staff as a retired medical receptionist i feel the service provided is excellent the only downside is being kept waiting to see the doctor but that means the doctor is taking time with each patient which is very necessary in a lot of cases,Positive,0.24
"very understanding gp,listerned to my concerns and gave reassurance re my pain in hip reception staff very helpfull and poliet  on telephone",very understanding gplisterned to my concerns and gave reassurance re my pain in hip reception staff very helpfull and poliet on telephone,Positive,0.2
"On speaking to a patient about their experience of how difficult it is not to have visitors at the moment based on the recommendation by NHS Tayside, they noted:Its not bothering me  I keep in touch with my daughter every day via my mobile phone. I have cross words the TV and my exercises to keep me occupied. I have asked my daughter to get me a cross- stitch and she will hand that in with my clean washing. Whatever I need I just ask my daughter and she gets it for me. Its very good here, in fact I told my daughter I would happily move in!",on speaking to a patient about their experience of how difficult it is not to have visitors at the moment based on the recommendation by nhs tayside they notedits not bothering me i keep in touch with my daughter every day via my mobile phone i have cross words the tv and my exercises to keep me occupied i have asked my daughter to get me a cross stitch and she will hand that in with my clean washing whatever i need i just ask my daughter and she gets it for me its very good here in fact i told my daughter i would happily move in,Positive,0.2627777777777778
"I attended the Endoscopy unity at the Northern General Hospital Sheffield, and with some trepidation. I would like to praise the staff for their care and reassurance throughout the procedure which made it tolerable and nothing like the bad experience I was anticipating. Indeed the worst part of the procedure is the Moviprep solution one has to consume prior to the appointment date.Again special praise for the staff and thank you for the wonderful work you do.",i attended the endoscopy unity at the northern general hospital sheffield and with some trepidation i would like to praise the staff for their care and reassurance throughout the procedure which made it tolerable and nothing like the bad experience i was anticipating indeed the worst part of the procedure is the moviprep solution one has to consume prior to the appointment dateagain special praise for the staff and thank you for the wonderful work you do,Negative,-0.04880952380952378
Trying to get your repeat prescriptions is becoming more of a nightmare when due seems to be on the doctors list and when you phone to enquire receptionists very abrupt I lost medication and was refused a early prescription which was fine I understood. Still has not gone through and its now over due. So now I have burned my back from using cream and am having to take more over the counter tablets than I should to not miss any days off work. Currently looking for a new surgery such a shame been there years a few years back was fantastic. The only one who seems to have time for you is the nurse practitioner.,trying to get your repeat prescriptions is becoming more of a nightmare when due seems to be on the doctors list and when you phone to enquire receptionists very abrupt i lost medication and was refused a early prescription which was fine i understood still has not gone through and its now over due so now i have burned my back from using cream and am having to take more over the counter tablets than i should to not miss any days off work currently looking for a new surgery such a shame been there years a few years back was fantastic the only one who seems to have time for you is the nurse practitioner,Positive,0.11815814393939394
"First time using 27 Beaumont Street and very happy, very pleasant receptionist on the phone who was extremely efficient and genuine. :)",first time using beaumont street and very happy very pleasant receptionist on the phone who was extremely efficient and genuine,Positive,0.4956666666666666
"Recently phoned up to get an appointment to see a doctor. Had a telephone call back for a consultation with a doctor within 30 minutes and an appointment booked for a blood test. Fantastic experience. The appointment itself was also excellent, in and out in 10 minutes. Nurse was wonderful, very friendly and helpful. Excellent experience. Would recommend exploring this method of engaging with patients as a business as usual practice once the current situation settles.",recently phoned up to get an appointment to see a doctor had a telephone call back for a consultation with a doctor within minutes and an appointment booked for a blood test fantastic experience the appointment itself was also excellent in and out in minutes nurse was wonderful very friendly and helpful excellent experience would recommend exploring this method of engaging with patients as a business as usual practice once the current situation settles,Positive,0.40375000000000005
"I have tried over 100 times in one day to get an answer from the receptionist, but nobody picks up. When you do get through the line is quiet with nobody at the other end. No answer phone and when you go in person to the surgery you get informed that you should have rung them instead. Fed up with their attitude toward patients. GPs themselves are fantastic. Please sort your receptionists out",i have tried over times in one day to get an answer from the receptionist but nobody picks up when you do get through the line is quiet with nobody at the other end no answer phone and when you go in person to the surgery you get informed that you should have rung them instead fed up with their attitude toward patients gps themselves are fantastic please sort your receptionists out,Positive,0.09166666666666667
"I cant identify with the negative comments posted as reviews.I have used the practice for 22 years and, like all aspects of life, there have been huge changes and I have seen every effirt made to adapt both to an ever growing population and peoples expectations. Staff are always trying to help you and on site pharmacy go out of their way to get everything for you. Especially in the current situation they are doing an outstanding job for the community. I have seen some people with unreasonable attitudes berating the front desk, these are the people bordering on rude, not the staff.",i cant identify with the negative comments posted as reviewsi have used the practice for years and like all aspects of life there have been huge changes and i have seen every effirt made to adapt both to an ever growing population and peoples expectations staff are always trying to help you and on site pharmacy go out of their way to get everything for you especially in the current situation they are doing an outstanding job for the community i have seen some people with unreasonable attitudes berating the front desk these are the people bordering on rude not the staff,Positive,0.05000000000000002
"My adult son has Autism and its always a worry when he needs medical care as he has a altered pain perception. We were delighted to receive the Covid 19 Grab & Go for to fill in which would provide information to health care professionals should he need to quickly go to hospital. Importantly this form has an well written guide sheet to help you fill the form in, the suggestion to laminate it was a good one. Whoever thought of this obviously has a good knowledge of patients with additional needs and the importance of taking a holistic approach. Maybe this form could be rolled out for other patients who have additional needs such a neurological conditions or disabilites. Well done Stanmore house for such a patient centered approach.",my adult son has autism and its always a worry when he needs medical care as he has a altered pain perception we were delighted to receive the covid grab go for to fill in which would provide information to health care professionals should he need to quickly go to hospital importantly this form has an well written guide sheet to help you fill the form in the suggestion to laminate it was a good one whoever thought of this obviously has a good knowledge of patients with additional needs and the importance of taking a holistic approach maybe this form could be rolled out for other patients who have additional needs such a neurological conditions or disabilites well done stanmore house for such a patient centered approach,Positive,0.2553030303030303
"Your telephone consultation service is excellent. Its very prompt, friendly, professional and competent. I phoned in with my concerns, The receptionist was very helpful and quickly put me in touch with a Nurse Specialist, who took my history connected me with the link to send photos of my lesions and arranged for the doctor to phone me back. The doctor contacted me quite soon, discussed my case and the diagnoses and sent a prescription to the pharmacy. The medicine is effective and the conditions improving. Its all very easy and I imagine if necessary could also be conducted on Zoom or Whatsapp.",your telephone consultation service is excellent its very prompt friendly professional and competent i phoned in with my concerns the receptionist was very helpful and quickly put me in touch with a nurse specialist who took my history connected me with the link to send photos of my lesions and arranged for the doctor to phone me back the doctor contacted me quite soon discussed my case and the diagnoses and sent a prescription to the pharmacy the medicine is effective and the conditions improving its all very easy and i imagine if necessary could also be conducted on zoom or whatsapp,Positive,0.351969696969697
"While I was in care of the maternity department, the care and attention I received was amazing and cannot in anyway fault the midwives, consultants and doctors. Felt very relaxed and if I had any concerns, I felt I was listened to. Also felt relaxed and calm. I want to thank everyone who looked after me, especially in these new normal times. Keep up the fantastic work.",while i was in care of the maternity department the care and attention i received was amazing and cannot in anyway fault the midwives consultants and doctors felt very relaxed and if i had any concerns i felt i was listened to also felt relaxed and calm i want to thank everyone who looked after me especially in these new normal times keep up the fantastic work,Positive,0.25519480519480514
"My stay at the CBU was amazing, talk about a well oiled machine that delivers on its promises...The unit is managed internally amazingly well. This permeates through each member of the various teams which operate in perfect synchronicity. The care afforded by the medical, therapy and domestic teams are second to none in my opinion (which my ego translates into fact... Lol...)I was looked after every step of the way by everyone.My stay at CBU gave me an excellent spring -board into my recovery which is now on going for the rest off my life. Essentially, for me, I wasnt spat out at the other end: the Therapy Team made sure that both they and I were confident that my Exit Plan was water-tight before I left.Ensuring said exit plan was so solid, for me, was the most important part of my -going recovery. Not just for today, but whilst in the unit I was able to detox without fear of relapse and this took off so much pressure and alleviated much of my anxiety.Thank you CBU, you really do deliver...Finally, to say that you were able to remain true to your promises during a time when people were saying that the National Health Service was being brought to its knees, due to this global pandemic, shows how inspirational your work is to this recovering addict.Much loveCarl",my stay at the cbu was amazing talk about a well oiled machine that delivers on its promisesthe unit is managed internally amazingly well this permeates through each member of the various teams which operate in perfect synchronicity the care afforded by the medical therapy and domestic teams are second to none in my opinion which my ego translates into fact loli was looked after every step of the way by everyonemy stay at cbu gave me an excellent spring board into my recovery which is now on going for the rest off my life essentially for me i wasnt spat out at the other end the therapy team made sure that both they and i were confident that my exit plan was watertight before i leftensuring said exit plan was so solid for me was the most important part of my going recovery not just for today but whilst in the unit i was able to detox without fear of relapse and this took off so much pressure and alleviated much of my anxietythank you cbu you really do deliverfinally to say that you were able to remain true to your promises during a time when people were saying that the national health service was being brought to its knees due to this global pandemic shows how inspirational your work is to this recovering addictmuch lovecarl,Positive,0.31200000000000006
"Wow, I hadnt visited for some time but had to visit Friday 24 and had a very positive experience, from ringing in and talking to a very friendly and helpful receptionist ,right the way through to seeing  a emphatic,  sincere and thorough doctor.I am so so pleased.",wow i hadnt visited for some time but had to visit friday and had a very positive experience from ringing in and talking to a very friendly and helpful receptionist right the way through to seeing a emphatic sincere and thorough doctori am so so pleased,Positive,0.3614448051948052
"i have been to many surgeries but never seen service so terrible like this. first of all getting to see GP is near to impossible here and even when you get appointment make sure you have rest of your day off as you will have to wait for hours before you are seen. GPs at surgery dont show any care, Receptionists are really unprofessional and rude, they have no respect for you as they will hand up to your face frequently. NHS needs to seriously take notice of this surgery.",i have been to many surgeries but never seen service so terrible like this first of all getting to see gp is near to impossible here and even when you get appointment make sure you have rest of your day off as you will have to wait for hours before you are seen gps at surgery dont show any care receptionists are really unprofessional and rude they have no respect for you as they will hand up to your face frequently nhs needs to seriously take notice of this surgery,Negative,-0.06499999999999999
"I have always found the doctor I see to be extremely good, both medically thorough and kind and courteous.  At this visit for a back problem he facilitated me also having a flu vaccination thus avoiding extra painful visits",i have always found the doctor i see to be extremely good both medically thorough and kind and courteous at this visit for a back problem he facilitated me also having a flu vaccination thus avoiding extra painful visits,Positive,0.17142857142857143
"I recently joined this practice after having been with my previous practice for over 30 years and seen the gradual deterioration to an extremely poor and inadequate service.  I have been so pleasantly surprised with both the doctors, nurses and reception staff at Norbury Health Centre.  Always so incredibly friendly and caring, the reception staff go out of their way to reassure you and keep an eye that things are running smoothly.  Efficient and informative on every occasion and the doctors have a genuinely interested, caring and professional approach.  So glad I made the move and cant understand why I waited so long.  My daughter has also registered with them now also.  Keep up the good work and many thanks :)",i recently joined this practice after having been with my previous practice for over years and seen the gradual deterioration to an extremely poor and inadequate service i have been so pleasantly surprised with both the doctors nurses and reception staff at norbury health centre always so incredibly friendly and caring the reception staff go out of their way to reassure you and keep an eye that things are running smoothly efficient and informative on every occasion and the doctors have a genuinely interested caring and professional approach so glad i made the move and cant understand why i waited so long my daughter has also registered with them now also keep up the good work and many thanks,Positive,0.19294871794871796
Had my surgery 16th March. Fantastic. All round. Consultant brilliant .skull base nurse brilliant and professional .nothing to much always phoning and checking on me has I was sent home early due to corona virus only. Ward h4 was brilliant to very happy patient,had my surgery th march fantastic all round consultant brilliant skull base nurse brilliant and professional nothing to much always phoning and checking on me has i was sent home early due to corona virus only ward h was brilliant to very happy patient,Positive,0.28125000000000006
Had  brain surgery in March. Was referred to endocrine  for follow up .excellent care. Lots of communication very proffesional always,had brain surgery in march was referred to endocrine for follow up excellent care lots of communication very proffesional always,Positive,0.6
"My experience of the GPS at this practice has always been positive. Ive found them to be caring and knowledgeable and more than happy to listen to me. There are some issues with making contact with a GP initially, with some of the patient advisors who are the first point of contact being less than helpful. I feel that this is more from a lack of appropriate training than from a desire to prevent patients from speaking to the GPs. The telephone contact system is poor, often with long waits to speak to someone. The econsult form is badly designed with far too much repetition. I recently had to upload photographs via this system and it was very difficult to find where to do this. This needs signposting early in the econsult process. It shouldnt be by trial and error until you find the correct route!",my experience of the gps at this practice has always been positive ive found them to be caring and knowledgeable and more than happy to listen to me there are some issues with making contact with a gp initially with some of the patient advisors who are the first point of contact being less than helpful i feel that this is more from a lack of appropriate training than from a desire to prevent patients from speaking to the gps the telephone contact system is poor often with long waits to speak to someone the econsult form is badly designed with far too much repetition i recently had to upload photographs via this system and it was very difficult to find where to do this this needs signposting early in the econsult process it shouldnt be by trial and error until you find the correct route,Positive,0.0756628787878788
Recently re registered at this practice after having been there for most of my life and Im now shocked at the lack of care offered. Such an impersonal service doctors seem to have little interest or concern to helping. The telephone conversations are always over in a matter of minutes leaving you feeling a inconvenience. Leaving your concerns unaddressed.,recently re registered at this practice after having been there for most of my life and im now shocked at the lack of care offered such an impersonal service doctors seem to have little interest or concern to helping the telephone conversations are always over in a matter of minutes leaving you feeling a inconvenience leaving your concerns unaddressed,Negative,-0.07749999999999999
"Attended with my 10 week old son, the practioner who checked him over was extremly reassuring. He also took the time to explain everything he was doing and was so friendly with my boy that he even made him smile. Thank you for fast efficient and friendly treatment.",attended with my week old son the practioner who checked him over was extremly reassuring he also took the time to explain everything he was doing and was so friendly with my boy that he even made him smile thank you for fast efficient and friendly treatment,Positive,0.26999999999999996
I have needed to phone through a few times recently requiring advice or help. The receptionists were helpful gave advice and problem solved. They did not rush me and listened. So often people only comment with complaints I want to praise and thank them. I appreciated all your help. The doctor I spoke to was extremely helpful explained things again did not rush me and was reassuring. Thankyou to that doctor also.,i have needed to phone through a few times recently requiring advice or help the receptionists were helpful gave advice and problem solved they did not rush me and listened so often people only comment with complaints i want to praise and thank them i appreciated all your help the doctor i spoke to was extremely helpful explained things again did not rush me and was reassuring thankyou to that doctor also,Negative,-0.025
"I was treated at NHH as an emergency with a fractured ankle. I had surgery the same day and was discharged the following day. All the staff I met Nurses, Doctors, Health Care Assistants, Radiographers, Porters, and  Domestic were absolutely wonderful. All working with a smile ( behind the mask), lots of reassurance and explanations. Nothing was to much trouble, I was very impressed. As a NHS employee myself, Im a Midwife at another trust, I found my care and treatment faultless. At such a difficult time in hospitals, and some staff working in unfamiliar areas I was proud of the NHS even more. Thank you so much.",i was treated at nhh as an emergency with a fractured ankle i had surgery the same day and was discharged the following day all the staff i met nurses doctors health care assistants radiographers porters and domestic were absolutely wonderful all working with a smile behind the mask lots of reassurance and explanations nothing was to much trouble i was very impressed as a nhs employee myself im a midwife at another trust i found my care and treatment faultless at such a difficult time in hospitals and some staff working in unfamiliar areas i was proud of the nhs even more thank you so much,Positive,0.2642857142857143
"We joined this surgery about 6 years ago after relocating to the area. We have always found the Receptionists very helpful, both on the phone and in person. They are very busy and under pressure, but certainly not rude. I do find that generally, If you treat people with respect, its often reciprocated so be nice!The Doctors I have seen have always taken the time to listen to my concerns and work out the appropriate treatment with me.It is true that you cant always get an appointment immediately, but you do always get a call from the Duty Doctor to discuss the problem and if they feel you need to be seen, you will be asked to attend. I am more than happy with the way this works and its more than other practices offer. Sometimes the phone rings for ages and sometimes you are on hold for a while and sometimes you cant get what you want, when you want it, but isnt that just life?!",we joined this surgery about years ago after relocating to the area we have always found the receptionists very helpful both on the phone and in person they are very busy and under pressure but certainly not rude i do find that generally if you treat people with respect its often reciprocated so be nicethe doctors i have seen have always taken the time to listen to my concerns and work out the appropriate treatment with meit is true that you cant always get an appointment immediately but you do always get a call from the duty doctor to discuss the problem and if they feel you need to be seen you will be asked to attend i am more than happy with the way this works and its more than other practices offer sometimes the phone rings for ages and sometimes you are on hold for a while and sometimes you cant get what you want when you want it but isnt that just life,Positive,0.3055
"My mam was rushed into hospital with suspected COVID-19. She tested positive and was also diagnosed with pneumonia. I honestly cant thank the A&E department and Ward 30 for the support and for what they did for my mam. Luckily 4 days of oxygen and antibiotics was enough for her to start to feel better. Thankfully on the 5th day she was discharged. Honestly the most scariest experience - but the staff in hospital were so supportive and helpful even though it must be very very scary for them too. They were even keeping in touch with us at home, letting us know what was happening and any progress. The phone calls we received really put our minds at rest, that progress was happening and mam was getting the right help and support. Thank you so so so much. We didnt think we would get her back home when she left in the ambulance. Stay safe!",my mam was rushed into hospital with suspected covid she tested positive and was also diagnosed with pneumonia i honestly cant thank the ae department and ward for the support and for what they did for my mam luckily days of oxygen and antibiotics was enough for her to start to feel better thankfully on the th day she was discharged honestly the most scariest experience but the staff in hospital were so supportive and helpful even though it must be very very scary for them too they were even keeping in touch with us at home letting us know what was happening and any progress the phone calls we received really put our minds at rest that progress was happening and mam was getting the right help and support thank you so so so much we didnt think we would get her back home when she left in the ambulance stay safe,Positive,0.25308802308802314
"Ill admit past experiences of admissions to mental health wards have not always been great for me, I find the environments noisy and distressing. However, on this occasion it was an entirely different experience and I can only praise the staff on Keats Ward, Meadowbrook for their kindness and compassion during my admission. It was ultra distressing (although I dont often show my distress) because for the first time I was Sectioned so everything was taken out of my control. Upon arrival I was showed to my room in which I had to isolate in whilst waiting for a Covid-19 test result to come back. The staff ensured I was ok and fed and watered. My primary nurse talked me through the sectioning process and what my rights where etc. He also took into account my own wants and needs. This experience in Salford was so much better that other admissions Ive had in other towns (Im not from Salford) and I just want to say thanks to the staff for working and caring for patients during these difficult Coronavirus times, you are all stars! Id also like to add the garden on Keats Ward is really impressive and welcoming!",ill admit past experiences of admissions to mental health wards have not always been great for me i find the environments noisy and distressing however on this occasion it was an entirely different experience and i can only praise the staff on keats ward meadowbrook for their kindness and compassion during my admission it was ultra distressing although i dont often show my distress because for the first time i was sectioned so everything was taken out of my control upon arrival i was showed to my room in which i had to isolate in whilst waiting for a covid test result to come back the staff ensured i was ok and fed and watered my primary nurse talked me through the sectioning process and what my rights where etc he also took into account my own wants and needs this experience in salford was so much better that other admissions ive had in other towns im not from salford and i just want to say thanks to the staff for working and caring for patients during these difficult coronavirus times you are all stars id also like to add the garden on keats ward is really impressive and welcoming,Positive,0.15833333333333335
Really friendly helpful surgery. Very good with the patients who have a learning disability whom I support .Saved my husbands life.,really friendly helpful surgery very good with the patients who have a learning disability whom i support saved my husbands life,Positive,0.6425
I used the e-Consult system for the first time and what an excellent service they gave. The contact information from the Practice was excellent and the advice the GP gave was both helpful and reassuring. All the staff at HEMC are wonderful. Thank you,i used the econsult system for the first time and what an excellent service they gave the contact information from the practice was excellent and the advice the gp gave was both helpful and reassuring all the staff at hemc are wonderful thank you,Positive,0.8125
"Evening guys! Im 35 and Ive always had the upmost respect for all the paramedics and NHS staff. Ive never had to use them personally up until Saturday morning when I was awoke with excruciating pain. Rang 111, and an ambulance was sent very quickly. Very friendly paramedics rushed me to the hospital. All the staff at Gloucester Royal Hospital and Cheltenham General hospital have been ace looking after me. Keep up the good work guys, youre doing great!Tim Annis",evening guys im and ive always had the upmost respect for all the paramedics and nhs staff ive never had to use them personally up until saturday morning when i was awoke with excruciating pain rang and an ambulance was sent very quickly very friendly paramedics rushed me to the hospital all the staff at gloucester royal hospital and cheltenham general hospital have been ace looking after me keep up the good work guys youre doing greattim annis,Positive,0.309375
"I am currently being shielded, but was asked to attend today for a blood test.  I was appalled at the total disregard for all safe practices in the current pandemic situation.  On entering the hospital, there was NO hand sanitiser anywhere to be seen, no 2m distancing markings, no signs, and people were walking around in all directions. Once in the department there was absolutely NO social distancing being practiced and no guidance as to how this could be done.  I was even asked, when trying to social distance myself in the corridor, to go into the crowded, disorders waiting room! When patients were being called in, there was no system in place to social distance from the previous.  There were NO windows open anywhere in the department.  Also, when I asked the phlebotomist to clean her hands before putting the needle in my arm, she began arguing with me, saying that she had changed her gloves before I entered the room.  I said that since then she had handled paperwork that Id just handed to her, and that I would be reassured by her cleaning the gloves/hands for me.  She then said, well I could use these wipes and I said, Thank you, Id appreciate that  She begrudging gave them a cursory wipe then proceeded.  I was absolutely appalled by the whole experience and now have to count down the days to find out if I have contracted the virus from my hospital visit today.  Due to my immune system issues, I am someone considered to be clinically extremely vulnerable ... I dont think I need to say anymore.  Thank you for reading",i am currently being shielded but was asked to attend today for a blood test i was appalled at the total disregard for all safe practices in the current pandemic situation on entering the hospital there was no hand sanitiser anywhere to be seen no m distancing markings no signs and people were walking around in all directions once in the department there was absolutely no social distancing being practiced and no guidance as to how this could be done i was even asked when trying to social distance myself in the corridor to go into the crowded disorders waiting room when patients were being called in there was no system in place to social distance from the previous there were no windows open anywhere in the department also when i asked the phlebotomist to clean her hands before putting the needle in my arm she began arguing with me saying that she had changed her gloves before i entered the room i said that since then she had handled paperwork that id just handed to her and that i would be reassured by her cleaning the gloveshands for me she then said well i could use these wipes and i said thank you id appreciate that she begrudging gave them a cursory wipe then proceeded i was absolutely appalled by the whole experience and now have to count down the days to find out if i have contracted the virus from my hospital visit today due to my immune system issues i am someone considered to be clinically extremely vulnerable i dont think i need to say anymore thank you for reading,Negative,-0.08940972222222224
First time I have used E Reception order my repeat prescription because of Covid 19 .Absolutey blown away by how super efficient this service is. Well impressed . Thank you to all involved .,first time i have used e reception order my repeat prescription because of covid absolutey blown away by how super efficient this service is well impressed thank you to all involved,Positive,0.5277777777777778
"I had both my cataract operations at Spa Medica, Wirral, and would highly recommend them.  My pre-op appointments, the actual operations and the follow up care was excellent and all in a peaceful atmosphere with very professional staff.  Thank you.",i had both my cataract operations at spa medica wirral and would highly recommend them my preop appointments the actual operations and the follow up care was excellent and all in a peaceful atmosphere with very professional staff thank you,Positive,0.308
"Once again, a very good experience at this excellent practice.Friendly, professional, efficient and every proper precaution taken during the virus pandemic.Most reassuring, thank you to everyone there.",once again a very good experience at this excellent practicefriendly professional efficient and every proper precaution taken during the virus pandemicmost reassuring thank you to everyone there,Positive,0.5025
"I was apprehensive about how useful a virtual appointment would be, but the video call was very good. I was also impressed at being sent the exercises and advice via email.",i was apprehensive about how useful a virtual appointment would be but the video call was very good i was also impressed at being sent the exercises and advice via email,Positive,0.7366666666666667
